frame_id,mean_motion,variance_motion,normal_alert,medium_alert,high_alert
0,0.21871747,0.18178903,1,0,0
1,0.23809801,0.19224116,0,1,0
2,0.22708109,0.17636132,0,1,0
3,0.23546392,0.16665705,0,1,0
4,0.22261727,0.17032549,0,1,0
5,0.2149306,0.16347882,1,0,0
6,0.22840409,0.14365184,0,1,0
7,0.2054468,0.13648416,1,0,0
8,0.19356237,0.12354688,1,0,0
9,0.21062607,0.11473807,1,0,0
10,0.20289314,0.13827904,1,0,0
11,0.20368873,0.1368757,1,0,0
12,0.20946614,0.15093361,1,0,0
13,0.2268561,0.17521468,0,1,0
14,0.24910161,0.13416706,0,1,0
15,0.22156934,0.1379727,0,1,0
16,0.22943883,0.14050116,0,1,0
17,0.23919001,0.16838625,0,1,0
18,0.24437638,0.21687406,0,1,0
19,0.24513677,0.17562324,0,1,0
20,0.22956654,0.25000203,0,1,0
21,0.2186081,0.19877248,1,0,0
22,0.2388866,0.23839112,0,1,0
23,0.22440188,0.20319475,0,1,0
24,0.22508729,0.20358019,0,1,0
25,0.24393506,0.23797388,0,1,0
26,0.25445065,0.23101343,0,1,0
27,0.24094056,0.21542633,0,1,0
28,0.22634196,0.19149074,0,1,0
29,0.20380734,0.15714572,1,0,0
30,0.18815337,0.13737337,1,0,0
31,0.18993118,0.13096137,1,0,0
32,0.18794933,0.14073585,1,0,0
33,0.19959238,0.15722641,1,0,0
34,0.2275605,0.1689594,0,1,0
35,0.21620643,0.2227081,1,0,0
36,0.23947518,0.25206414,0,1,0
37,0.23525365,0.24334358,0,1,0
38,0.24086934,0.17817298,0,1,0
39,0.2072662,0.16166063,1,0,0
40,0.2344384,0.15122482,0,1,0
41,0.2263795,0.15479904,0,1,0
42,0.22466066,0.17288736,0,1,0
43,0.22514628,0.18693766,0,1,0
44,0.23214099,0.20808852,0,1,0
45,0.22670498,0.19196957,0,1,0
46,0.25197574,0.25109982,0,1,0
47,0.260921,0.27192163,0,1,0
48,0.25086936,0.22848766,0,1,0
49,0.27864534,0.23161301,0,1,0
50,0.2270652,0.20017585,0,1,0
51,0.19581711,0.13731986,1,0,0
52,0.22164096,0.13496664,0,1,0
53,0.20817623,0.14757825,1,0,0
54,0.21923935,0.17670242,1,0,0
55,0.23259455,0.18487355,0,1,0
56,0.21637243,0.18107799,1,0,0
57,0.2325058,0.16155076,0,1,0
58,0.19330028,0.12181132,1,0,0
59,0.22387126,0.1296546,0,1,0
60,0.1949895,0.11935745,1,0,0
61,0.21115278,0.16259882,1,0,0
62,0.21266226,0.1632447,1,0,0
63,0.23708668,0.17960128,0,1,0
64,0.23614912,0.18362212,0,1,0
65,0.2490514,0.20916024,0,1,0
66,0.24203095,0.21337606,0,1,0
67,0.22698425,0.19658522,0,1,0
68,0.22837423,0.19635652,0,1,0
69,0.24466766,0.19670974,0,1,0
70,0.25477475,0.20408264,0,1,0
71,0.2740403,0.26132765,0,1,0
72,0.2743369,0.22022453,0,1,0
73,0.24076276,0.19587822,0,1,0
74,0.25165316,0.19840081,0,1,0
75,0.22191373,0.17225577,0,1,0
76,0.21876907,0.16521364,1,0,0
77,0.19702798,0.12663445,1,0,0
78,0.21270053,0.11619143,1,0,0
79,0.22577174,0.14402847,0,1,0
80,0.2718061,0.15340465,0,1,0
81,0.2285311,0.1615285,0,1,0
82,0.23916717,0.15601754,0,1,0
83,0.23140348,0.15349224,0,1,0
84,0.23412453,0.13324067,0,1,0
85,0.23633057,0.13096504,0,1,0
86,0.22772004,0.14662111,0,1,0
87,0.2207389,0.13894282,0,1,0
88,0.21079335,0.13411757,1,0,0
89,0.22663556,0.12478409,0,1,0
90,0.21358228,0.09827047,1,0,0
91,0.21340835,0.076682806,1,0,0
92,0.19670346,0.08671222,1,0,0
93,0.19003975,0.084650636,1,0,0
94,0.20799568,0.11776476,1,0,0
95,0.20690563,0.11085683,1,0,0
96,0.21901512,0.09288443,1,0,0
97,0.21452576,0.101044275,1,0,0
98,0.2212886,0.107955486,0,1,0
99,0.22125518,0.112526156,0,1,0
100,0.1952217,0.13092887,1,0,0
101,0.23430598,0.13293205,0,1,0
102,0.1861661,0.104495965,1,0,0
103,0.16983451,0.08726904,1,0,0
104,0.19783393,0.0960611,1,0,0
105,0.16803437,0.08295657,1,0,0
106,0.1885065,0.0805115,1,0,0
107,0.22476146,0.089854084,0,1,0
108,0.21662672,0.11716521,1,0,0
109,0.19811542,0.114867285,1,0,0
110,0.20740885,0.108257145,1,0,0
111,0.197925,0.121095024,1,0,0
112,0.19979931,0.11799553,1,0,0
113,0.1801636,0.09244041,1,0,0
114,0.19020411,0.084671475,1,0,0
115,0.2063307,0.09694224,1,0,0
116,0.18841635,0.13268884,1,0,0
117,0.2049759,0.14359906,1,0,0
118,0.22084038,0.14749847,0,1,0
119,0.21500847,0.13551587,1,0,0
120,0.20802069,0.11778318,1,0,0
121,0.1982019,0.09780723,1,0,0
122,0.20671329,0.10924829,1,0,0
123,0.18529989,0.117412895,1,0,0
124,0.20362562,0.090194605,1,0,0
125,0.17851248,0.07799996,1,0,0
126,0.20100933,0.089703426,1,0,0
127,0.21299683,0.09740805,1,0,0
128,0.20137632,0.08505344,1,0,0
129,0.19033585,0.08584059,1,0,0
130,0.20504904,0.08627611,1,0,0
131,0.23115453,0.11419177,0,1,0
132,0.21095835,0.13109393,1,0,0
133,0.22655652,0.12693967,0,1,0
134,0.22234106,0.111429736,0,1,0
135,0.23723322,0.104384266,0,1,0
136,0.19256698,0.09109798,1,0,0
137,0.2103414,0.10754981,1,0,0
138,0.20810641,0.12290965,1,0,0
139,0.23063041,0.112749025,0,1,0
140,0.20781279,0.122142054,1,0,0
141,0.22812891,0.1296115,0,1,0
142,0.21820907,0.11910908,1,0,0
143,0.2375266,0.124007046,0,1,0
144,0.23816538,0.12260287,0,1,0
145,0.2546059,0.13450004,0,1,0
146,0.23692024,0.14267284,0,1,0
147,0.23577985,0.13573322,0,1,0
148,0.21627279,0.1295201,1,0,0
149,0.27731887,0.10111931,0,1,0
150,0.23299447,0.107422054,0,1,0
151,0.24223591,0.123795345,0,1,0
152,0.22138287,0.12599716,0,1,0
153,0.22164856,0.113892555,0,1,0
154,0.20646851,0.10614798,1,0,0
155,0.21118663,0.10625316,1,0,0
156,0.18682519,0.09096033,1,0,0
157,0.21551277,0.11186166,1,0,0
158,0.18078618,0.09083838,1,0,0
159,0.16724013,0.10254467,1,0,0
160,0.16805941,0.09778301,1,0,0
161,0.17266586,0.083575614,1,0,0
162,0.18995494,0.090441555,1,0,0
163,0.1875118,0.08958797,1,0,0
164,0.19488421,0.094975844,1,0,0
165,0.19242436,0.1100308,1,0,0
166,0.18779786,0.09348145,1,0,0
167,0.17730796,0.08167112,1,0,0
168,0.18671125,0.1268357,1,0,0
169,0.17392494,0.09939556,1,0,0
170,0.18847278,0.12357498,1,0,0
171,0.19017221,0.085899845,1,0,0
172,0.19948208,0.0825635,1,0,0
173,0.18652192,0.080629386,1,0,0
174,0.21745959,0.08673014,1,0,0
175,0.19128792,0.09808126,1,0,0
176,0.17806578,0.09054262,1,0,0
177,0.18091021,0.08331795,1,0,0
178,0.17282149,0.08636853,1,0,0
179,0.18065505,0.09537504,1,0,0
180,0.18741634,0.08451689,1,0,0
181,0.20735164,0.122288056,1,0,0
182,0.18336743,0.119188614,1,0,0
183,0.17511329,0.0986923,1,0,0
184,0.16627507,0.092663914,1,0,0
185,0.19336183,0.10874304,1,0,0
186,0.184166,0.12933771,1,0,0
187,0.19915447,0.1386669,1,0,0
188,0.23037575,0.17631285,0,1,0
189,0.24814916,0.21008404,0,1,0
190,0.22325926,0.15746962,0,1,0
191,0.22002055,0.14048366,1,0,0
192,0.23000263,0.15134197,0,1,0
193,0.20272876,0.15294585,1,0,0
194,0.20521587,0.13776942,1,0,0
195,0.20265266,0.14758898,1,0,0
196,0.19852237,0.14707841,1,0,0
197,0.2146533,0.13160458,1,0,0
198,0.19020349,0.10722167,1,0,0
199,0.1938197,0.09228977,1,0,0
200,0.19503893,0.08608769,1,0,0
201,0.20803581,0.108638346,1,0,0
202,0.21234976,0.12611535,1,0,0
203,0.21864527,0.12729971,1,0,0
204,0.2311117,0.13226819,0,1,0
205,0.22486936,0.12853974,0,1,0
206,0.22358693,0.12879907,0,1,0
207,0.1949883,0.12434715,1,0,0
208,0.21083622,0.14558029,1,0,0
209,0.19510642,0.13732898,1,0,0
210,0.20706815,0.14160202,1,0,0
211,0.18581788,0.08811656,1,0,0
212,0.18387276,0.096731946,1,0,0
213,0.20243967,0.106803134,1,0,0
214,0.18891187,0.10811935,1,0,0
215,0.20964402,0.119657375,1,0,0
216,0.21178353,0.13854432,1,0,0
217,0.2376136,0.13820152,0,1,0
218,0.1979319,0.1396242,1,0,0
219,0.19371645,0.14083989,1,0,0
220,0.17758773,0.102423005,1,0,0
221,0.17043346,0.08085549,1,0,0
222,0.19289173,0.08814268,1,0,0
223,0.18849812,0.09040472,1,0,0
224,0.20347932,0.123860806,1,0,0
225,0.21848226,0.1410982,1,0,0
226,0.22287488,0.14553316,0,1,0
227,0.2143569,0.15125494,1,0,0
228,0.22950007,0.17794587,0,1,0
229,0.23410642,0.17265315,0,1,0
230,0.26765364,0.18094575,0,1,0
231,0.22760239,0.17628063,0,1,0
232,0.20781288,0.13982497,1,0,0
233,0.19947876,0.13071333,1,0,0
234,0.19182678,0.12199134,1,0,0
235,0.19638044,0.12093291,1,0,0
236,0.2066345,0.13748,1,0,0
237,0.2545309,0.18952021,0,1,0
238,0.2818962,0.2306796,0,1,0
239,0.30263394,0.3482071,0,1,0
240,0.35435078,0.4569831,0,1,0
241,0.3735212,0.5846836,0,1,0
242,0.36968476,0.54790825,0,1,0
243,0.4199703,0.7297173,0,0,1
244,0.48201117,0.85449576,0,0,1
245,0.5566337,1.1258558,0,0,1
246,0.5663193,1.2521464,0,0,1
247,0.66426116,1.6100059,0,0,1
248,0.77765673,2.432185,0,0,1
249,0.8853983,2.35347,0,0,1
250,0.8245012,2.135239,0,0,1
251,0.9680836,3.0757425,0,0,1
252,1.0098029,3.3447993,0,0,1
253,0.95399,2.800516,0,0,1
254,0.8734397,2.661849,0,0,1
255,1.0388029,3.7209928,0,0,1
256,1.1873436,4.803812,0,0,1
257,1.45557,5.919535,0,0,1
258,1.5543238,5.972397,0,0,1
259,1.7345862,7.7758985,0,0,1
260,1.4633262,5.213482,0,0,1
261,1.4529244,5.6556306,0,0,1
262,1.8435409,7.4766603,0,0,1
263,1.5785906,7.1764436,0,0,1
264,1.6485788,7.738447,0,0,1
265,2.0580964,12.065449,0,0,1
266,1.5167513,6.02959,0,0,1
267,1.6738694,7.375018,0,0,1
268,1.8762628,10.032541,0,0,1
269,1.7071279,8.373874,0,0,1
270,1.6808034,7.872894,0,0,1
271,1.7555554,7.931438,0,0,1
272,1.6522726,7.413436,0,0,1
273,1.318146,5.6833286,0,0,1
274,1.5796956,8.096297,0,0,1
275,1.4387698,7.231816,0,0,1
276,1.3625945,7.37494,0,0,1
277,1.2716007,6.621537,0,0,1
278,1.2156736,6.544815,0,0,1
279,1.1026095,6.0828915,0,0,1
280,1.0855818,5.9608054,0,0,1
281,0.93505126,4.367496,0,0,1
282,0.98225045,5.191327,0,0,1
283,0.86485106,4.767444,0,0,1
284,0.7898454,3.9766943,0,0,1
285,0.8367632,4.642785,0,0,1
286,0.7980606,4.384569,0,0,1
287,0.81922895,4.595175,0,0,1
288,0.6466222,3.297898,0,0,1
289,0.5445264,2.2917995,0,0,1
290,0.42908555,2.3749645,0,0,1
291,0.38183016,2.661659,0,1,0
292,0.20371121,0.75175494,1,0,0
293,0.28539577,1.4542972,0,1,0
294,0.15253678,0.6148781,1,0,0
295,0.11438146,0.28403836,1,0,0
296,0.114012845,0.26066494,1,0,0
297,0.11976026,0.37263602,1,0,0
298,0.13084835,0.62601614,1,0,0
299,0.17046872,0.29638568,1,0,0
300,0.089340754,0.10970479,1,0,0
301,0.05574721,0.089715496,1,0,0
302,0.07419642,0.09442562,1,0,0
303,0.08164413,0.18768,1,0,0
304,0.07121473,0.15895371,1,0,0
305,0.05010713,0.074233755,1,0,0
306,0.024099652,0.01638211,1,0,0
307,0.51720166,3.3726401,0,0,1
308,0.025727022,0.0013766164,1,0,0
309,0.020198666,0.0010486864,1,0,0
310,0.0165439,0.00088113477,1,0,0
311,0.0030236645,0.00040790677,1,0,0
312,0.9009359,3.596268,0,0,1
313,0.18899864,0.14199653,1,0,0
314,0.17779301,0.12243802,1,0,0
315,0.20221038,0.09012406,1,0,0
316,0.17747198,0.091070905,1,0,0
317,0.18137471,0.10254742,1,0,0
318,0.18466179,0.09544467,1,0,0
319,0.18987837,0.09934459,1,0,0
320,0.18144873,0.09170941,1,0,0
321,0.18721615,0.095504366,1,0,0
322,0.1858063,0.10439472,1,0,0
323,0.19514611,0.093324155,1,0,0
324,0.20524341,0.099010356,1,0,0
325,0.17380871,0.103088,1,0,0
326,0.16981423,0.07614642,1,0,0
327,0.1689316,0.087661974,1,0,0
328,0.17358041,0.10810204,1,0,0
329,0.1811632,0.10413413,1,0,0
330,0.19007109,0.10604757,1,0,0
331,0.21254952,0.1047298,1,0,0
332,0.2015498,0.11686584,1,0,0
333,0.22097984,0.14944026,0,1,0
334,0.2010023,0.1361375,1,0,0
335,0.1936647,0.12312224,1,0,0
336,0.18014239,0.11424763,1,0,0
337,0.20140302,0.12692931,1,0,0
338,0.17865285,0.0870077,1,0,0
339,0.16362067,0.08196508,1,0,0
340,0.16161412,0.08462492,1,0,0
341,0.17342497,0.0792541,1,0,0
342,0.14862047,0.06919584,1,0,0
343,0.15412228,0.073796816,1,0,0
344,0.19282871,0.08628526,1,0,0
345,0.1743624,0.12165928,1,0,0
346,0.17142797,0.13596898,1,0,0
347,0.19522204,0.13513522,1,0,0
348,0.1646234,0.118150294,1,0,0
349,0.1842087,0.10771113,1,0,0
350,0.14231834,0.08385291,1,0,0
351,0.17679094,0.09349472,1,0,0
352,0.15833595,0.07445451,1,0,0
353,0.19437367,0.10995384,1,0,0
354,0.17739257,0.118992716,1,0,0
355,0.20958783,0.09616479,1,0,0
356,0.17013918,0.09697461,1,0,0
357,0.1674194,0.087668054,1,0,0
358,0.16323964,0.09134412,1,0,0
359,0.16606358,0.10164718,1,0,0
360,0.16003184,0.10273591,1,0,0
361,0.16413452,0.12509587,1,0,0
362,0.183582,0.19847988,1,0,0
363,0.16623122,0.1307772,1,0,0
364,0.16373825,0.094788544,1,0,0
365,0.16678737,0.11116024,1,0,0
366,0.1640515,0.11093728,1,0,0
367,0.18949303,0.100487776,1,0,0
368,0.17312278,0.11388448,1,0,0
369,0.17728654,0.1272162,1,0,0
370,0.1770917,0.13000445,1,0,0
371,0.17479153,0.13527514,1,0,0
372,0.20246905,0.12998164,1,0,0
373,0.18701982,0.20006722,1,0,0
374,0.18816324,0.15148097,1,0,0
375,0.16929649,0.10805664,1,0,0
376,0.18258974,0.09675597,1,0,0
377,0.1692719,0.094673656,1,0,0
378,0.1791737,0.14127779,1,0,0
379,0.17344621,0.11688348,1,0,0
380,0.16385011,0.09943594,1,0,0
381,0.1971475,0.10593896,1,0,0
382,0.18500532,0.12145274,1,0,0
383,0.19962361,0.1224007,1,0,0
384,0.16715392,0.10680987,1,0,0
385,0.17051041,0.12097609,1,0,0
386,0.17052291,0.12527509,1,0,0
387,0.17349075,0.16178907,1,0,0
388,0.18069322,0.10174546,1,0,0
389,0.18260951,0.1178944,1,0,0
390,0.18109158,0.14577614,1,0,0
391,0.17926845,0.12322755,1,0,0
392,0.1740171,0.09550651,1,0,0
393,0.18365373,0.11618551,1,0,0
394,0.21313281,0.13811295,1,0,0
395,0.20081244,0.16423087,1,0,0
396,0.208892,0.18557596,1,0,0
397,0.20053485,0.1671691,1,0,0
398,0.21241999,0.15803039,1,0,0
399,0.18468212,0.11369901,1,0,0
400,0.20158815,0.113364846,1,0,0
401,0.192469,0.12029626,1,0,0
402,0.210062,0.13935383,1,0,0
403,0.20163356,0.11603766,1,0,0
404,0.17714643,0.10011899,1,0,0
405,0.16331282,0.09336268,1,0,0
406,0.16793771,0.095837854,1,0,0
407,0.16282344,0.09696202,1,0,0
408,0.17982727,0.108959705,1,0,0
409,0.187414,0.11873877,1,0,0
410,0.19304919,0.1297114,1,0,0
411,0.21252385,0.1722701,1,0,0
412,0.18101223,0.15941998,1,0,0
413,0.19059436,0.16336897,1,0,0
414,0.19321488,0.13737465,1,0,0
415,0.18988867,0.11002933,1,0,0
416,0.15973625,0.10079799,1,0,0
417,0.16775154,0.091058955,1,0,0
418,0.18042235,0.111010715,1,0,0
419,0.1855624,0.13491134,1,0,0
420,0.19619921,0.13799597,1,0,0
421,0.19684964,0.17435873,1,0,0
422,0.19046861,0.13185982,1,0,0
423,0.17024045,0.13525468,1,0,0
424,0.17100231,0.11938079,1,0,0
425,0.17111152,0.090274274,1,0,0
426,0.1626485,0.082982406,1,0,0
427,0.19025196,0.084670946,1,0,0
428,0.1596982,0.066348016,1,0,0
429,0.16125765,0.0913755,1,0,0
430,0.21304485,0.15946315,1,0,0
431,0.2241175,0.18440928,0,1,0
432,0.23291105,0.18179752,0,1,0
433,0.20227052,0.16026391,1,0,0
434,0.19511266,0.14028049,1,0,0
435,0.21073215,0.14527255,1,0,0
436,0.2047587,0.121943474,1,0,0
437,0.2286911,0.1339478,0,1,0
438,0.20271894,0.13808805,1,0,0
439,0.21029943,0.10976525,1,0,0
440,0.18734716,0.123882145,1,0,0
441,0.19558166,0.14447848,1,0,0
442,0.20319156,0.13258728,1,0,0
443,0.2228344,0.16601485,0,1,0
444,0.23030561,0.1544123,0,1,0
445,0.22244395,0.19253138,0,1,0
446,0.23944859,0.20574044,0,1,0
447,0.20947415,0.13321427,1,0,0
448,0.20989597,0.14136478,1,0,0
449,0.20518216,0.10925091,1,0,0
450,0.21828821,0.16139905,1,0,0
451,0.20443924,0.13194107,1,0,0
452,0.21424541,0.11332062,1,0,0
453,0.19861425,0.09731538,1,0,0
454,0.19898306,0.11189884,1,0,0
455,0.20146626,0.15185456,1,0,0
456,0.2172423,0.13194585,1,0,0
457,0.23465945,0.11094485,0,1,0
458,0.18730913,0.10538717,1,0,0
459,0.2102598,0.107171476,1,0,0
460,0.19343781,0.13641627,1,0,0
461,0.1917088,0.15039004,1,0,0
462,0.2895288,0.15259741,0,1,0
463,0.21678866,0.14736985,1,0,0
464,0.2104725,0.14104421,1,0,0
465,0.2449144,0.13386926,0,1,0
466,0.21299487,0.12416057,1,0,0
467,0.17856096,0.101948924,1,0,0
468,0.20281343,0.11223813,1,0,0
469,0.18025316,0.12057819,1,0,0
470,0.19766751,0.13771613,1,0,0
471,0.22465955,0.13184321,0,1,0
472,0.19408959,0.13139324,1,0,0
473,0.18962702,0.119813055,1,0,0
474,0.22168767,0.13934335,0,1,0
475,0.17682089,0.14581785,1,0,0
476,0.18405543,0.114950486,1,0,0
477,0.19536616,0.1137808,1,0,0
478,0.19698393,0.10568538,1,0,0
479,0.22378202,0.10599814,0,1,0
480,0.18780175,0.12356383,1,0,0
481,0.19427475,0.13628522,1,0,0
482,0.18827182,0.13558002,1,0,0
483,0.18398978,0.12876295,1,0,0
484,0.18912338,0.12606056,1,0,0
485,0.19159225,0.12937659,1,0,0
486,0.17852794,0.10195722,1,0,0
487,0.19189367,0.098690554,1,0,0
488,0.20146929,0.14622667,1,0,0
489,0.1865677,0.1165788,1,0,0
490,0.19198804,0.11651358,1,0,0
491,0.1942225,0.11789259,1,0,0
492,0.21497607,0.11119236,1,0,0
493,0.19256975,0.11595904,1,0,0
494,0.19959044,0.10772344,1,0,0
495,0.20662552,0.11943034,1,0,0
496,0.2095127,0.11375622,1,0,0
497,0.21082637,0.117278464,1,0,0
498,0.20093489,0.1305311,1,0,0
499,0.23472401,0.13275237,0,1,0
500,0.20665453,0.12545507,1,0,0
501,0.18292579,0.10719012,1,0,0
502,0.17585473,0.09165532,1,0,0
503,0.18636137,0.1011537,1,0,0
504,0.18752293,0.076909244,1,0,0
505,0.19707426,0.06927769,1,0,0
506,0.17731333,0.06757489,1,0,0
507,0.21142004,0.090433925,1,0,0
508,0.1952752,0.09709111,1,0,0
509,0.17942555,0.073644474,1,0,0
510,0.17798509,0.07014186,1,0,0
511,0.17675398,0.07836332,1,0,0
512,0.18617427,0.07607176,1,0,0
513,0.18941484,0.08441826,1,0,0
514,0.18255143,0.0725987,1,0,0
515,0.17580132,0.06501165,1,0,0
516,0.17252138,0.051548637,1,0,0
517,0.16770501,0.055367414,1,0,0
518,0.1769175,0.059905455,1,0,0
519,0.17358175,0.052648794,1,0,0
520,0.16537575,0.047508296,1,0,0
521,0.16909374,0.052631944,1,0,0
522,0.17227134,0.062762834,1,0,0
523,0.18311405,0.062209137,1,0,0
524,0.18356253,0.06457071,1,0,0
525,0.18657997,0.078885876,1,0,0
526,0.17876309,0.07794408,1,0,0
527,0.19033015,0.07317236,1,0,0
528,0.16665915,0.06068391,1,0,0
529,0.16029344,0.063625224,1,0,0
530,0.15027463,0.0701827,1,0,0
531,0.18756343,0.073121324,1,0,0
532,0.17304678,0.08657026,1,0,0
533,0.19654287,0.11841274,1,0,0
534,0.18631193,0.10157723,1,0,0
535,0.20481627,0.14000963,1,0,0
536,0.2111297,0.17272599,1,0,0
537,0.2022586,0.117583275,1,0,0
538,0.18579768,0.0742723,1,0,0
539,0.19417578,0.074341536,1,0,0
540,0.18774064,0.078190774,1,0,0
541,0.1876169,0.0799881,1,0,0
542,0.19994827,0.09587732,1,0,0
543,0.19760484,0.08428346,1,0,0
544,0.19823524,0.08052991,1,0,0
545,0.19099474,0.08845889,1,0,0
546,0.20670503,0.089468,1,0,0
547,0.1898634,0.09158271,1,0,0
548,0.19430971,0.12208039,1,0,0
549,0.17430021,0.11263045,1,0,0
550,0.19034176,0.09069159,1,0,0
551,0.1867033,0.07804266,1,0,0
552,0.19928516,0.09043672,1,0,0
553,0.2021531,0.1027697,1,0,0
554,0.2015117,0.121553056,1,0,0
555,0.21425848,0.13139679,1,0,0
556,0.21611562,0.124531075,1,0,0
557,0.2380853,0.13284756,0,1,0
558,0.23518842,0.17466053,0,1,0
559,0.2567344,0.23329681,0,1,0
560,0.2621702,0.25392866,0,1,0
561,0.25102243,0.2940761,0,1,0
562,0.23691988,0.09459135,0,1,0
563,0.2367865,0.12241819,0,1,0
564,0.25338423,0.11540264,0,1,0
565,0.23937978,0.12972263,0,1,0
566,0.23193736,0.11318682,0,1,0
567,0.24348783,0.10474991,0,1,0
568,0.24821508,0.11789107,0,1,0
569,0.24320847,0.14544307,0,1,0
570,0.2499756,0.17175256,0,1,0
571,0.23196459,0.11598719,0,1,0
572,0.23347966,0.111376956,0,1,0
573,0.22041255,0.119875096,1,0,0
574,0.21923612,0.10804222,1,0,0
575,0.2084892,0.12035927,1,0,0
576,0.21186842,0.121448934,1,0,0
577,0.1936843,0.11347738,1,0,0
578,0.17338946,0.12633929,1,0,0
579,0.21402608,0.104676485,1,0,0
580,0.17195675,0.09324477,1,0,0
581,0.21160384,0.12811002,1,0,0
582,0.19122349,0.120373495,1,0,0
583,0.17870812,0.12306446,1,0,0
584,0.20612383,0.18286675,1,0,0
585,0.20260617,0.1877508,1,0,0
586,0.21703069,0.1796659,1,0,0
587,0.19495775,0.12611619,1,0,0
588,0.18845963,0.12020573,1,0,0
589,0.18670724,0.11556337,1,0,0
590,0.17443822,0.10096219,1,0,0
591,0.1880571,0.10389429,1,0,0
592,0.1736466,0.09298511,1,0,0
593,0.15577073,0.07874295,1,0,0
594,0.18252273,0.085620925,1,0,0
595,0.1657659,0.09542775,1,0,0
596,0.16752316,0.0934416,1,0,0
597,0.19729905,0.12217749,1,0,0
598,0.21773468,0.14965755,1,0,0
599,0.1961489,0.13708779,1,0,0
600,0.2232046,0.11732166,0,1,0
601,0.18716975,0.11350694,1,0,0
602,0.17739685,0.11259527,1,0,0
603,0.1812693,0.10534423,1,0,0
604,0.21852918,0.11414537,1,0,0
605,0.20164876,0.13264607,1,0,0
606,0.19758965,0.132023,1,0,0
607,0.19523114,0.1376282,1,0,0
608,0.19855511,0.13884799,1,0,0
609,0.19585367,0.1622449,1,0,0
610,0.19061494,0.14592576,1,0,0
611,0.17060435,0.14561105,1,0,0
612,0.27983737,0.13933305,0,1,0
613,0.17643583,0.13742658,1,0,0
614,0.17383969,0.13376497,1,0,0
615,0.19506343,0.17000447,1,0,0
616,0.20467156,0.15263471,1,0,0
617,0.18340074,0.10975717,1,0,0
618,0.2036649,0.119653955,1,0,0
619,0.19187318,0.13385586,1,0,0
620,0.19326396,0.16251968,1,0,0
621,0.18697989,0.18499714,1,0,0
622,0.21117118,0.15835254,1,0,0
623,0.21529421,0.12264099,1,0,0
624,0.17986755,0.09581589,1,0,0
625,0.16983816,0.08396112,1,0,0
626,0.17122169,0.12429957,1,0,0
627,0.17573327,0.109796725,1,0,0
628,0.16823825,0.08710944,1,0,0
629,0.16402392,0.07800586,1,0,0
630,0.17704079,0.08588009,1,0,0
631,0.16798274,0.10004893,1,0,0
632,0.18903829,0.13050717,1,0,0
633,0.19666944,0.12666716,1,0,0
634,0.19599974,0.1520885,1,0,0
635,0.17761616,0.10306126,1,0,0
636,0.17914154,0.100963876,1,0,0
637,0.16003726,0.08290504,1,0,0
638,0.17612596,0.07325579,1,0,0
639,0.16905524,0.07417294,1,0,0
640,0.15967837,0.08258573,1,0,0
641,0.1709005,0.09936214,1,0,0
642,0.1684734,0.09734578,1,0,0
643,0.18074134,0.12228887,1,0,0
644,0.21001326,0.1591208,1,0,0
645,0.20844902,0.16174997,1,0,0
646,0.22509693,0.20102908,0,1,0
647,0.30025572,0.3591691,0,1,0
648,0.3571046,0.58389264,0,1,0
649,0.3861426,0.63929933,0,1,0
650,0.39328972,0.7459834,0,1,0
651,0.45230383,0.9482334,0,0,1
652,0.51038927,1.1254961,0,0,1
653,0.56517273,1.3736846,0,0,1
654,0.5450747,1.294021,0,0,1
655,0.6783093,1.8954068,0,0,1
656,0.757338,2.260584,0,0,1
657,0.8425221,2.6646779,0,0,1
658,0.81245613,2.6897697,0,0,1
659,0.63888943,1.9165617,0,0,1
660,0.71928835,2.2312376,0,0,1
661,0.85144186,3.1247709,0,0,1
662,0.85979545,3.809305,0,0,1
663,0.89416933,3.476065,0,0,1
664,1.6287452,10.721629,0,0,1
665,0.9080303,4.209082,0,0,1
666,0.87555116,4.4734006,0,0,1
667,0.7034654,2.68268,0,0,1
668,0.75641394,2.758427,0,0,1
669,0.8477753,3.391029,0,0,1
670,0.85332793,3.6699557,0,0,1
671,0.87183034,4.382518,0,0,1
672,0.7837827,2.9945352,0,0,1
673,0.76211137,3.06079,0,0,1
674,0.6637998,2.5304267,0,0,1
675,0.556044,2.061575,0,0,1
676,0.35197908,1.0788072,0,1,0
677,0.36241448,0.8943991,0,1,0
678,0.4851648,1.6304644,0,0,1
679,0.3959906,0.9973025,0,1,0
680,0.3186945,0.82368,0,1,0
681,0.26403487,0.610605,0,1,0
682,0.39186504,1.4555737,0,1,0
683,0.49714127,2.2974894,0,0,1
684,0.3341348,1.1143768,0,1,0
685,0.2751913,0.73833245,0,1,0
686,0.33744872,1.0218184,0,1,0
687,0.5097776,1.8927883,0,0,1
688,0.43470743,1.732518,0,0,1
689,0.3268465,1.1537566,0,1,0
690,0.3206541,1.0089043,0,1,0
691,0.37686378,1.3462275,0,1,0
692,0.43717027,1.9369916,0,0,1
693,0.3627694,1.8581096,0,1,0
694,0.2227527,0.5553615,0,1,0
695,0.26239055,0.62893957,0,1,0
696,0.3030193,0.9326208,0,1,0
697,0.3135814,1.066908,0,1,0
698,0.24169016,0.69244856,0,1,0
699,0.2132071,0.31819978,1,0,0
700,0.21362221,0.584883,1,0,0
701,0.3642167,1.2306348,0,1,0
702,0.46693802,2.368858,0,0,1
703,0.31586692,1.1377269,0,1,0
704,0.16332994,0.32595113,1,0,0
705,0.19051068,0.35204637,1,0,0
706,0.22796983,0.6631003,0,1,0
707,0.25123933,1.0464145,0,1,0
708,0.23724665,0.8938974,0,1,0
709,0.1591155,0.30519897,1,0,0
710,0.13212986,0.21522318,1,0,0
711,0.15873896,0.47236085,1,0,0
712,0.17502818,0.58209485,1,0,0
713,0.1476147,0.38555524,1,0,0
714,0.10367211,0.17582656,1,0,0
715,0.09058316,0.1652849,1,0,0
716,0.08624349,0.09831871,1,0,0
717,0.086387865,0.13756232,1,0,0
718,0.072680496,0.08933999,1,0,0
719,1.0774729,10.664221,0,0,1
720,0.023109337,0.0013879655,1,0,0
721,0.05687149,0.0065022777,1,0,0
722,0.049429785,0.005070399,1,0,0
723,0.04872817,0.0030462407,1,0,0
724,0.049490526,0.0044151302,1,0,0
725,0.027483175,0.0056073093,1,0,0
726,8.151671,38.684048,0,0,1
727,0.06755826,0.020067373,1,0,0
728,0.07167118,0.02013178,1,0,0
729,0.05412135,0.020228606,1,0,0
730,0.07847397,0.025490802,1,0,0
731,0.06773662,0.023666618,1,0,0
732,0.07284719,0.031035038,1,0,0
733,0.08640267,0.035324704,1,0,0
734,0.07604711,0.0351312,1,0,0
735,0.06663622,0.029964129,1,0,0
736,0.079228066,0.025733227,1,0,0
737,0.05757107,0.019033004,1,0,0
738,0.08391011,0.020727608,1,0,0
739,0.05433714,0.02153817,1,0,0
740,0.055465158,0.02228721,1,0,0
741,0.069393836,0.02262011,1,0,0
742,0.07043212,0.021436783,1,0,0
743,0.08344953,0.025423452,1,0,0
744,0.05997505,0.0225053,1,0,0
745,0.06012403,0.021094907,1,0,0
746,0.061525535,0.017821401,1,0,0
747,0.068684764,0.01629352,1,0,0
748,0.049805388,0.015214072,1,0,0
749,0.055911377,0.014197548,1,0,0
750,0.059445642,0.016644167,1,0,0
751,0.07904195,0.02264009,1,0,0
752,0.06346787,0.033806704,1,0,0
753,0.07773369,0.0477262,1,0,0
754,0.0876285,0.047720585,1,0,0
755,0.08603673,0.033941835,1,0,0
756,0.06672893,0.0386627,1,0,0
757,0.08774483,0.036876816,1,0,0
758,0.075314574,0.039010752,1,0,0
759,0.066268854,0.04043749,1,0,0
760,0.07517019,0.03603091,1,0,0
761,0.066823244,0.040464867,1,0,0
762,0.07038335,0.039831482,1,0,0
763,0.094413616,0.056952395,1,0,0
764,0.07464484,0.05787224,1,0,0
765,0.08034022,0.0599988,1,0,0
766,0.08244304,0.04522219,1,0,0
767,0.07336258,0.039217718,1,0,0
768,0.06798066,0.039336495,1,0,0
769,0.065086335,0.04412259,1,0,0
770,0.07307456,0.04853613,1,0,0
771,0.07298117,0.053764336,1,0,0
772,0.074638076,0.05110548,1,0,0
773,0.077164546,0.048696756,1,0,0
774,0.082595386,0.058644455,1,0,0
775,0.11873323,0.06472739,1,0,0
776,0.08286724,0.050980974,1,0,0
777,0.10151362,0.047001626,1,0,0
778,0.074037574,0.035119202,1,0,0
779,0.09157907,0.049962718,1,0,0
780,0.088191345,0.04929136,1,0,0
781,0.07263221,0.050594296,1,0,0
782,0.07343035,0.058561172,1,0,0
783,0.071558975,0.059575334,1,0,0
784,0.05562015,0.03080013,1,0,0
785,0.062652424,0.032115422,1,0,0
786,0.07874985,0.042198766,1,0,0
787,0.06492305,0.04702173,1,0,0
788,0.078007795,0.03131366,1,0,0
789,0.08829589,0.029764172,1,0,0
790,0.08521442,0.03836209,1,0,0
791,0.09414666,0.0359527,1,0,0
792,0.076346375,0.049135458,1,0,0
793,0.10095472,0.0444066,1,0,0
794,0.08043304,0.058856633,1,0,0
795,0.088411696,0.0595054,1,0,0
796,0.10384218,0.060280163,1,0,0
797,0.09281497,0.063427754,1,0,0
798,0.09152383,0.05802517,1,0,0
799,0.09134483,0.05533007,1,0,0
800,0.09940965,0.060686383,1,0,0
801,0.099953756,0.069928326,1,0,0
802,0.1230551,0.06800892,1,0,0
803,0.09192518,0.0507815,1,0,0
804,0.10024225,0.0494142,1,0,0
805,0.09259331,0.04057689,1,0,0
806,0.073725335,0.036689326,1,0,0
807,0.0869248,0.03996732,1,0,0
808,0.06977051,0.036956817,1,0,0
809,0.08333559,0.03807303,1,0,0
810,0.056300003,0.025786977,1,0,0
811,0.07282528,0.026196439,1,0,0
812,0.06479498,0.032947112,1,0,0
813,0.07441287,0.039896928,1,0,0
814,0.07479272,0.031383887,1,0,0
815,0.10718329,0.035461955,1,0,0
816,0.06840587,0.032691747,1,0,0
817,0.08090478,0.035532672,1,0,0
818,0.07676096,0.03088906,1,0,0
819,0.07453838,0.04105631,1,0,0
820,0.07938259,0.041175246,1,0,0
821,0.08788582,0.039795212,1,0,0
822,0.092648484,0.032859776,1,0,0
823,0.080578424,0.041277364,1,0,0
824,0.07787971,0.025939424,1,0,0
825,0.086020924,0.033264197,1,0,0
826,0.09185792,0.038500536,1,0,0
827,0.086741716,0.040055685,1,0,0
828,0.109366275,0.042500116,1,0,0
829,0.10041583,0.043260906,1,0,0
830,0.09495396,0.04427724,1,0,0
831,0.105845235,0.043194305,1,0,0
832,0.097568125,0.04384798,1,0,0
833,0.1050773,0.041327897,1,0,0
834,0.093992345,0.0564405,1,0,0
835,0.10775793,0.06611739,1,0,0
836,0.0906507,0.065503895,1,0,0
837,0.09613069,0.077583596,1,0,0
838,0.097624704,0.08219285,1,0,0
839,0.11510226,0.08172281,1,0,0
840,0.09030752,0.0721512,1,0,0
841,0.10138833,0.0693465,1,0,0
842,0.0958286,0.067061014,1,0,0
843,0.09203874,0.07362489,1,0,0
844,0.0927875,0.073187724,1,0,0
845,0.094654754,0.0615567,1,0,0
846,0.11242233,0.054079965,1,0,0
847,0.08702751,0.04712869,1,0,0
848,0.09959709,0.05420908,1,0,0
849,0.108414635,0.057857305,1,0,0
850,0.110761106,0.08152272,1,0,0
851,0.18009779,0.0952504,1,0,0
852,0.11837013,0.084157094,1,0,0
853,0.10947426,0.07681463,1,0,0
854,0.11849218,0.059341118,1,0,0
855,0.104966424,0.048992112,1,0,0
856,0.1179546,0.0446035,1,0,0
857,0.10462883,0.0433824,1,0,0
858,0.10878653,0.053172823,1,0,0
859,0.10579277,0.06220106,1,0,0
860,0.09888625,0.05656679,1,0,0
861,0.09886693,0.0631604,1,0,0
862,0.10560132,0.06664417,1,0,0
863,0.097893246,0.06207381,1,0,0
864,0.09941611,0.052554443,1,0,0
865,0.09409466,0.052681293,1,0,0
866,0.105804786,0.065561995,1,0,0
867,0.10701771,0.06494269,1,0,0
868,0.11186554,0.06440432,1,0,0
869,0.12009473,0.07623092,1,0,0
870,0.12004836,0.07345791,1,0,0
871,0.11999855,0.064425044,1,0,0
872,0.12320596,0.07183993,1,0,0
873,0.13628829,0.09026727,1,0,0
874,0.1295733,0.080479644,1,0,0
875,0.12634474,0.06801975,1,0,0
876,0.19986498,0.07010299,1,0,0
877,0.14715445,0.077779315,1,0,0
878,0.16139936,0.115074694,1,0,0
879,0.18537505,0.15031049,1,0,0
880,0.18794528,0.11608678,1,0,0
881,0.20566581,0.15368478,1,0,0
882,0.2079042,0.20378146,1,0,0
883,0.23696612,0.2797908,0,1,0
884,0.2461851,0.31689113,0,1,0
885,0.25458658,0.37466767,0,1,0
886,0.26956066,0.38080254,0,1,0
887,0.31567907,0.4725738,0,1,0
888,0.30741584,0.5214634,0,1,0
889,0.31982994,0.64189225,0,1,0
890,0.36940372,0.8366178,0,1,0
891,0.40594205,0.9641616,0,0,1
892,0.4750794,1.4018322,0,0,1
893,0.46343902,1.1657242,0,0,1
894,0.5057204,1.4056368,0,0,1
895,0.547246,1.6580069,0,0,1
896,0.5541349,1.5779525,0,0,1
897,0.5851078,1.5721807,0,0,1
898,0.5750739,1.52479,0,0,1
899,0.5084586,1.2271461,0,0,1
900,0.5224165,1.2054211,0,0,1
901,0.55564857,1.4362249,0,0,1
902,0.78919536,2.4686813,0,0,1
903,0.5545049,1.8935832,0,0,1
904,0.55426943,1.8670825,0,0,1
905,0.5540633,1.6271468,0,0,1
906,0.57741076,1.9498332,0,0,1
907,0.5819527,2.1643202,0,0,1
908,0.42345956,1.1954148,0,0,1
909,0.42457417,1.2843056,0,0,1
910,0.3682877,0.9417929,0,1,0
911,0.40570745,1.0657247,0,0,1
912,0.41691852,1.2015208,0,0,1
913,0.30875456,0.7357471,0,1,0
914,0.2752992,0.5916392,0,1,0
915,0.26413316,0.61968803,0,1,0
916,0.24035586,0.52421904,0,1,0
917,0.21606255,0.45773005,1,0,0
918,0.23512952,0.5267183,0,1,0
919,0.1880632,0.3707715,1,0,0
920,0.19906075,0.43102762,1,0,0
921,0.2145118,0.3929758,1,0,0
922,0.18013974,0.34930065,1,0,0
923,0.1831564,0.36685306,1,0,0
924,0.1945313,0.44403717,1,0,0
925,0.25301844,0.37921187,0,1,0
926,0.21617454,0.40729132,1,0,0
927,0.17834347,0.3333419,1,0,0
928,0.15104961,0.21406588,1,0,0
929,0.16153972,0.24011368,1,0,0
930,0.16595878,0.2677171,1,0,0
931,0.17795281,0.27666077,1,0,0
932,0.14099635,0.16178091,1,0,0
933,0.14741069,0.17726494,1,0,0
934,0.15135229,0.21535833,1,0,0
935,0.15058555,0.2504036,1,0,0
936,0.145337,0.19958913,1,0,0
937,0.1539724,0.16241544,1,0,0
938,0.13494635,0.18435322,1,0,0
939,0.13613752,0.18978049,1,0,0
940,0.12214288,0.15498051,1,0,0
941,0.11255854,0.111656226,1,0,0
942,0.11262301,0.10382325,1,0,0
943,0.09913245,0.10118833,1,0,0
944,0.10345973,0.12527,1,0,0
945,0.09799342,0.09557945,1,0,0
946,0.11229837,0.1188158,1,0,0
947,0.09966346,0.11743,1,0,0
948,0.11342623,0.10814478,1,0,0
949,0.08779271,0.083823636,1,0,0
950,0.09853437,0.10782706,1,0,0
951,0.07373827,0.05374225,1,0,0
952,0.069333576,0.048440482,1,0,0
953,0.085408464,0.06557475,1,0,0
954,0.082872875,0.07371384,1,0,0
955,0.06539181,0.029120423,1,0,0
956,0.05362393,0.016163148,1,0,0
957,0.048563708,0.016864775,1,0,0
958,0.062581,0.044654932,1,0,0
959,0.07152596,0.046942167,1,0,0
960,0.055519264,0.026810402,1,0,0
961,0.062828906,0.029842723,1,0,0
962,0.06098124,0.025145922,1,0,0
963,0.065234594,0.031035032,1,0,0
964,0.07274587,0.031265426,1,0,0
965,0.06309715,0.036636204,1,0,0
966,0.0517467,0.030963665,1,0,0
967,0.061404046,0.027828293,1,0,0
968,0.05632664,0.041845486,1,0,0
969,0.06299612,0.037744395,1,0,0
970,0.05398458,0.04043226,1,0,0
971,0.044522595,0.02834699,1,0,0
972,0.0497756,0.024163945,1,0,0
973,0.04546396,0.012750404,1,0,0
974,0.025418699,0.00685462,1,0,0
975,0.018235927,0.0063428353,1,0,0
976,0.12907675,0.02799824,1,0,0
977,0.018969003,0.0063410806,1,0,0
978,0.02094757,0.008066594,1,0,0
979,0.054980844,0.008002069,1,0,0
980,0.023585616,0.0050263624,1,0,0
981,0.0444348,0.009881931,1,0,0
982,0.034107912,0.009175543,1,0,0
983,0.031946167,0.010193535,1,0,0
984,0.03615992,0.0071254373,1,0,0
985,0.052403517,0.005856328,1,0,0
986,0.03308812,0.0047714235,1,0,0
987,0.033574916,0.006106426,1,0,0
988,0.04282361,0.005437323,1,0,0
989,0.03214777,0.008188071,1,0,0
990,0.02594898,0.005097283,1,0,0
991,0.016477797,0.0030917332,1,0,0
992,0.17893763,0.47772,1,0,0
993,0.025770847,0.002802798,1,0,0
994,0.022814937,0.0029538213,1,0,0
995,0.01795094,0.0018803736,1,0,0
996,0.026324987,0.0037482404,1,0,0
997,0.013979178,0.001523723,1,0,0
998,0.010367954,0.0015315822,1,0,0
999,0.011098776,0.002008344,1,0,0
1000,1.7327406,21.307802,0,0,1
1001,0.03258793,0.007805739,1,0,0
1002,0.059376705,0.008585587,1,0,0
1003,0.064642884,0.011079262,1,0,0
1004,0.07063747,0.013658333,1,0,0
1005,0.07441499,0.016685072,1,0,0
1006,0.06570116,0.014899694,1,0,0
1007,0.07751618,0.022188673,1,0,0
1008,0.08369564,0.021644494,1,0,0
1009,0.08674174,0.024282288,1,0,0
1010,0.07233104,0.019985469,1,0,0
1011,0.067494854,0.019073144,1,0,0
1012,0.07877763,0.024742287,1,0,0
1013,0.075685106,0.02611007,1,0,0
1014,0.07991667,0.031229522,1,0,0
1015,0.075589485,0.023783104,1,0,0
1016,0.06984003,0.021019757,1,0,0
1017,0.07568993,0.020519942,1,0,0
1018,0.077336416,0.0215552,1,0,0
1019,0.074245326,0.017355941,1,0,0
1020,0.058439396,0.012938576,1,0,0
1021,0.07226933,0.016562343,1,0,0
1022,0.07447511,0.018002916,1,0,0
1023,0.07681451,0.026427485,1,0,0
1024,0.09093287,0.035519112,1,0,0
1025,0.08815923,0.027303394,1,0,0
1026,0.076268435,0.025727717,1,0,0
1027,0.07723178,0.026617918,1,0,0
1028,0.07573078,0.023974052,1,0,0
1029,0.06875756,0.023002781,1,0,0
1030,0.07846642,0.028262952,1,0,0
1031,0.07371766,0.025594283,1,0,0
1032,0.065786354,0.021874376,1,0,0
1033,0.07081534,0.016609175,1,0,0
1034,0.06694211,0.015998453,1,0,0
1035,0.06687339,0.017075822,1,0,0
1036,0.074597895,0.023959924,1,0,0
1037,0.109454066,0.055562884,1,0,0
1038,0.10694148,0.029259471,1,0,0
1039,0.09546157,0.036629263,1,0,0
1040,0.08163784,0.033234563,1,0,0
1041,0.077632405,0.02919467,1,0,0
1042,0.09125939,0.03250421,1,0,0
1043,0.084762275,0.02995612,1,0,0
1044,0.0777679,0.021575613,1,0,0
1045,0.06639829,0.013444595,1,0,0
1046,0.05888453,0.014712874,1,0,0
1047,0.072754085,0.027746303,1,0,0
1048,0.06675139,0.020210536,1,0,0
1049,0.12246182,0.02544236,1,0,0
1050,0.07531688,0.014287094,1,0,0
1051,0.067212045,0.014151317,1,0,0
1052,0.06548435,0.014642391,1,0,0
1053,0.07900593,0.023782093,1,0,0
1054,0.0928727,0.061217066,1,0,0
1055,0.08863016,0.05884501,1,0,0
1056,0.10274545,0.053921573,1,0,0
1057,0.11199449,0.036081903,1,0,0
1058,0.08502203,0.02994177,1,0,0
1059,0.10122378,0.037234176,1,0,0
1060,0.1036122,0.049155463,1,0,0
1061,0.08888426,0.042124275,1,0,0
1062,0.09581731,0.047564037,1,0,0
1063,0.1005901,0.048118446,1,0,0
1064,0.09334965,0.039831154,1,0,0
1065,0.08529263,0.039159026,1,0,0
1066,0.10761716,0.04351017,1,0,0
1067,0.11024527,0.0476298,1,0,0
1068,0.096120246,0.05444639,1,0,0
1069,0.09236238,0.049123608,1,0,0
1070,0.09311425,0.053895958,1,0,0
1071,0.09274805,0.05101268,1,0,0
1072,0.09191544,0.048116777,1,0,0
1073,0.09466607,0.059686173,1,0,0
1074,0.084249206,0.052515768,1,0,0
1075,0.100764684,0.05360747,1,0,0
1076,0.080064274,0.037125487,1,0,0
1077,0.076252416,0.04098252,1,0,0
1078,0.06500732,0.034871615,1,0,0
1079,0.054952126,0.025538277,1,0,0
1080,0.055410936,0.030682635,1,0,0
1081,0.06223799,0.037774984,1,0,0
1082,0.07353785,0.0512785,1,0,0
1083,0.07992044,0.06467125,1,0,0
1084,0.08187816,0.071939565,1,0,0
1085,0.093206145,0.046732884,1,0,0
1086,0.07794915,0.05544473,1,0,0
1087,0.07959207,0.05393139,1,0,0
1088,0.10050787,0.069448374,1,0,0
1089,0.08623958,0.07001142,1,0,0
1090,0.084432855,0.063485414,1,0,0
1091,0.11130758,0.067013346,1,0,0
1092,0.07883269,0.058613714,1,0,0
1093,0.10863536,0.06424487,1,0,0
1094,0.07911867,0.0461304,1,0,0
1095,0.071070015,0.0486783,1,0,0
1096,0.07746692,0.040740237,1,0,0
1097,0.07065596,0.053045936,1,0,0
1098,0.08170867,0.06384144,1,0,0
1099,0.09405537,0.05768436,1,0,0
1100,0.09330712,0.06533511,1,0,0
1101,0.15527686,0.06322412,1,0,0
1102,0.07863911,0.053822543,1,0,0
1103,0.0909803,0.04787666,1,0,0
1104,0.08796309,0.041321933,1,0,0
1105,0.07025019,0.040683553,1,0,0
1106,0.08460332,0.034437865,1,0,0
1107,0.08318068,0.04031881,1,0,0
1108,0.08341494,0.05262922,1,0,0
1109,0.0732224,0.042494867,1,0,0
1110,0.08579937,0.042720526,1,0,0
1111,0.083947845,0.060274575,1,0,0
1112,0.09846972,0.064634584,1,0,0
1113,0.08231506,0.05893691,1,0,0
1114,0.09039472,0.06814322,1,0,0
1115,0.08323316,0.057888094,1,0,0
1116,0.09429299,0.064670905,1,0,0
1117,0.077358484,0.05164732,1,0,0
1118,0.09025226,0.05962415,1,0,0
1119,0.08731824,0.060980354,1,0,0
1120,0.086193606,0.051763304,1,0,0
1121,0.089665085,0.041536637,1,0,0
1122,0.08630723,0.046884812,1,0,0
1123,0.085444,0.053931255,1,0,0
1124,0.07802171,0.040950477,1,0,0
1125,0.09267853,0.059273943,1,0,0
1126,0.096186206,0.065635234,1,0,0
1127,0.08971846,0.06767772,1,0,0
1128,0.091956764,0.070439145,1,0,0
1129,0.10359032,0.061263014,1,0,0
1130,0.094795644,0.05824546,1,0,0
1131,0.11168896,0.0608361,1,0,0
1132,0.086448476,0.062062867,1,0,0
1133,0.08182271,0.062273357,1,0,0
1134,0.11871225,0.07757132,1,0,0
1135,0.11055079,0.08534581,1,0,0
1136,0.10324378,0.063959576,1,0,0
1137,0.11333361,0.07495995,1,0,0
1138,0.10995753,0.06749909,1,0,0
1139,0.120804176,0.07448587,1,0,0
1140,0.11294872,0.09037709,1,0,0
1141,0.13921943,0.10836148,1,0,0
1142,0.119668454,0.08589593,1,0,0
1143,0.11848797,0.09200043,1,0,0
1144,0.12863025,0.0750837,1,0,0
1145,0.1334917,0.09061565,1,0,0
1146,0.13910902,0.1578617,1,0,0
1147,0.13805021,0.09614704,1,0,0
1148,0.103180885,0.0672481,1,0,0
1149,0.10840637,0.06806696,1,0,0
1150,0.18182191,0.08753689,1,0,0
1151,0.12120717,0.073903,1,0,0
1152,0.123364344,0.070230156,1,0,0
1153,0.11620234,0.07862322,1,0,0
1154,0.115624286,0.07586542,1,0,0
1155,0.10871488,0.0715054,1,0,0
1156,0.105266966,0.06927753,1,0,0
1157,0.117574565,0.085717,1,0,0
1158,0.13937119,0.08817895,1,0,0
1159,0.11128321,0.11107538,1,0,0
1160,0.1421315,0.10563912,1,0,0
1161,0.108911365,0.09916835,1,0,0
1162,0.119327456,0.08603393,1,0,0
1163,0.11172757,0.08084347,1,0,0
1164,0.101883635,0.07403329,1,0,0
1165,0.1009361,0.07592006,1,0,0
1166,0.091495536,0.0765959,1,0,0
1167,0.09507055,0.070314474,1,0,0
1168,0.13554011,0.12476543,1,0,0
1169,0.10975821,0.07657846,1,0,0
1170,0.112480685,0.073894,1,0,0
1171,0.1132121,0.0708005,1,0,0
1172,0.1295331,0.0718,1,0,0
1173,0.13221097,0.07964145,1,0,0
1174,0.13653746,0.09435858,1,0,0
1175,0.11480849,0.076145515,1,0,0
1176,0.12431586,0.06323487,1,0,0
1177,0.12106448,0.06951934,1,0,0
1178,0.12362095,0.08583425,1,0,0
1179,0.13533787,0.10332848,1,0,0
1180,0.11939963,0.10162815,1,0,0
1181,0.14099492,0.09815963,1,0,0
1182,0.12135911,0.08751802,1,0,0
1183,0.13680322,0.05416396,1,0,0
1184,0.12059579,0.05191145,1,0,0
1185,0.112795666,0.050051484,1,0,0
1186,0.14682116,0.059733465,1,0,0
1187,0.12648721,0.06712001,1,0,0
1188,0.13574053,0.07619501,1,0,0
1189,0.1329145,0.061373997,1,0,0
1190,0.13678755,0.052750394,1,0,0
1191,0.12309434,0.060233295,1,0,0
1192,0.12144675,0.053739797,1,0,0
1193,0.10775743,0.053719208,1,0,0
1194,0.11151493,0.054744784,1,0,0
1195,0.12059428,0.070208155,1,0,0
1196,0.11428734,0.063200615,1,0,0
1197,0.12035404,0.081127755,1,0,0
1198,0.10336827,0.054408062,1,0,0
1199,0.1463516,0.04760388,1,0,0
1200,0.11163841,0.06465479,1,0,0
1201,0.091926426,0.037154015,1,0,0
1202,0.090738244,0.030602815,1,0,0
1203,0.09234229,0.0392388,1,0,0
1204,0.10710429,0.052504707,1,0,0
1205,0.11220159,0.047917932,1,0,0
1206,0.114234835,0.079543576,1,0,0
1207,0.12509291,0.122516684,1,0,0
1208,0.15994424,0.22773775,1,0,0
1209,0.14203854,0.11434179,1,0,0
1210,0.122197635,0.0990844,1,0,0
1211,0.12409568,0.112524554,1,0,0
1212,0.119648345,0.12345724,1,0,0
1213,0.12490393,0.12873353,1,0,0
1214,0.116008095,0.09948439,1,0,0
1215,0.13067506,0.1485824,1,0,0
1216,0.10903317,0.092939004,1,0,0
1217,0.12338872,0.12730655,1,0,0
1218,0.11808849,0.101008825,1,0,0
1219,0.112687886,0.09969502,1,0,0
1220,0.10495286,0.09169191,1,0,0
1221,0.102650225,0.07793143,1,0,0
1222,0.11370968,0.072579406,1,0,0
1223,0.08366505,0.049848095,1,0,0
1224,0.10404261,0.044868104,1,0,0
1225,0.101049885,0.07280149,1,0,0
1226,0.18418604,0.09902592,1,0,0
1227,0.095902205,0.067623705,1,0,0
1228,0.095918655,0.07180343,1,0,0
1229,0.09964838,0.07294896,1,0,0
1230,0.0976775,0.098379,1,0,0
1231,0.09548087,0.069996454,1,0,0
1232,0.101515435,0.052271128,1,0,0
1233,0.08563179,0.08063169,1,0,0
1234,0.09015775,0.08288839,1,0,0
1235,0.11198082,0.075116955,1,0,0
1236,0.084902264,0.0522618,1,0,0
1237,0.091876365,0.06435247,1,0,0
1238,0.09618277,0.0547082,1,0,0
1239,0.07922942,0.047974966,1,0,0
1240,0.08774707,0.058164164,1,0,0
1241,0.08240927,0.044495963,1,0,0
1242,0.102582864,0.04203479,1,0,0
1243,0.08194905,0.044515755,1,0,0
1244,0.089297324,0.03925674,1,0,0
1245,0.07315862,0.03469377,1,0,0
1246,0.07533339,0.03557332,1,0,0
1247,0.09730832,0.040067356,1,0,0
1248,0.077755705,0.04124933,1,0,0
1249,0.096798696,0.053648923,1,0,0
1250,0.11706,0.062879294,1,0,0
1251,0.10389361,0.08284443,1,0,0
1252,0.114945896,0.10937707,1,0,0
1253,0.11320008,0.111203104,1,0,0
1254,0.107223906,0.06768861,1,0,0
1255,0.09641931,0.06447172,1,0,0
1256,0.10157398,0.07089341,1,0,0
1257,0.08855899,0.05697657,1,0,0
1258,0.11018998,0.0724659,1,0,0
1259,0.11877682,0.084350824,1,0,0
1260,0.08755399,0.065745376,1,0,0
1261,0.108849294,0.06820334,1,0,0
1262,0.09675738,0.06028581,1,0,0
1263,0.10412887,0.07880408,1,0,0
1264,0.09783495,0.05073678,1,0,0
1265,0.108689815,0.05083272,1,0,0
1266,0.098570004,0.053321384,1,0,0
1267,0.10386321,0.08493266,1,0,0
1268,0.11586439,0.09569938,1,0,0
1269,0.11473398,0.09141835,1,0,0
1270,0.12006445,0.062015392,1,0,0
1271,0.11830467,0.07184513,1,0,0
1272,0.11857282,0.05747509,1,0,0
1273,0.11564595,0.054181647,1,0,0
1274,0.11646777,0.05595516,1,0,0
1275,0.12458051,0.0715126,1,0,0
1276,0.1183526,0.06783236,1,0,0
1277,0.13367723,0.06577689,1,0,0
1278,0.12514383,0.06737568,1,0,0
1279,0.12328049,0.07181608,1,0,0
1280,0.13488813,0.08148232,1,0,0
1281,0.11729501,0.06561209,1,0,0
1282,0.13247582,0.074203685,1,0,0
1283,0.14014733,0.088298075,1,0,0
1284,0.15209237,0.12048874,1,0,0
1285,0.19545726,0.21425445,1,0,0
1286,0.22518845,0.27615184,0,1,0
1287,0.2191725,0.23397931,1,0,0
1288,0.22724824,0.24204801,0,1,0
1289,0.23602118,0.2993974,0,1,0
1290,0.2507568,0.32741868,0,1,0
1291,0.2788289,0.37997302,0,1,0
1292,0.3206641,0.5301349,0,1,0
1293,0.3387437,0.48113906,0,1,0
1294,0.35694677,0.58759254,0,1,0
1295,0.38438842,0.643745,0,1,0
1296,0.398891,0.67938834,0,1,0
1297,0.46767533,0.8714575,0,0,1
1298,0.45054844,0.77424216,0,0,1
1299,0.47477213,0.87883186,0,0,1
1300,0.6045247,1.3741167,0,0,1
1301,0.5256,1.1366119,0,0,1
1302,0.6903943,1.512534,0,0,1
1303,0.5883041,1.4618723,0,0,1
1304,0.6054017,1.6422136,0,0,1
1305,0.574366,1.544862,0,0,1
1306,0.5841642,1.7185763,0,0,1
1307,0.60226667,1.7100085,0,0,1
1308,0.6079111,1.6921676,0,0,1
1309,0.61800855,1.8113816,0,0,1
1310,0.58943087,1.947686,0,0,1
1311,0.5130457,1.4640785,0,0,1
1312,0.5215266,1.8078458,0,0,1
1313,0.5432845,1.6436206,0,0,1
1314,0.5629979,1.9586755,0,0,1
1315,0.5235749,1.6754473,0,0,1
1316,0.5005776,1.568581,0,0,1
1317,0.424669,1.1300184,0,0,1
1318,0.4579537,1.4132487,0,0,1
1319,0.5260643,2.0965006,0,0,1
1320,0.461828,1.7208076,0,0,1
1321,0.4320986,1.392296,0,0,1
1322,0.37892517,1.1292946,0,1,0
1323,0.40310547,1.5183892,0,0,1
1324,0.3911581,1.7030615,0,1,0
1325,0.37019917,1.5106503,0,1,0
1326,0.36068034,1.4346887,0,1,0
1327,0.31635034,1.2315351,0,1,0
1328,0.2342968,0.74912304,0,1,0
1329,0.20170364,0.5303874,1,0,0
1330,0.24419338,1.0013274,0,1,0
1331,0.22638245,0.98921734,0,1,0
1332,0.18334144,0.63509154,1,0,0
1333,0.11727604,0.3003578,1,0,0
1334,0.16150726,0.49360752,1,0,0
1335,0.14364724,0.56280047,1,0,0
1336,0.10589383,0.38737667,1,0,0
1337,0.061763298,0.14592117,1,0,0
1338,0.08558574,0.6154312,1,0,0
1339,0.027468123,0.00456607,1,0,0
1340,0.049010456,0.007424195,1,0,0
1341,0.018807387,0.00227779,1,0,0
1342,0.16873164,0.4848974,1,0,0
1343,0.7110047,2.4198503,0,0,1
1344,0.06344593,0.0457428,1,0,0
1345,0.08576633,0.042136893,1,0,0
1346,0.089308426,0.05011686,1,0,0
1347,0.09255293,0.04067716,1,0,0
1348,0.092394665,0.053624306,1,0,0
1349,0.09515292,0.06486407,1,0,0
1350,0.09817881,0.06265069,1,0,0
1351,0.15896508,0.061320115,1,0,0
1352,0.09582311,0.054715984,1,0,0
1353,0.10066988,0.064411476,1,0,0
1354,0.10064184,0.060311362,1,0,0
1355,0.094269335,0.06253787,1,0,0
1356,0.09216046,0.06360107,1,0,0
1357,0.094160214,0.059088327,1,0,0
1358,0.09131285,0.041088518,1,0,0
1359,0.07950392,0.033769883,1,0,0
1360,0.08152728,0.034544162,1,0,0
1361,0.07556445,0.027224155,1,0,0
1362,0.0794794,0.03081193,1,0,0
1363,0.088306405,0.0335905,1,0,0
1364,0.077684514,0.030894397,1,0,0
1365,0.113184154,0.040345445,1,0,0
1366,0.07779354,0.04001758,1,0,0
1367,0.08383835,0.04784394,1,0,0
1368,0.07957005,0.03927749,1,0,0
1369,0.07182049,0.030852953,1,0,0
1370,0.074932285,0.039496735,1,0,0
1371,0.085473344,0.04198302,1,0,0
1372,0.09473648,0.049413886,1,0,0
1373,0.09098573,0.05280367,1,0,0
1374,0.10898669,0.073999405,1,0,0
1375,0.105181806,0.0890406,1,0,0
1376,0.109092824,0.07777326,1,0,0
1377,0.12009198,0.06380016,1,0,0
1378,0.09636827,0.055907115,1,0,0
1379,0.087156974,0.043992218,1,0,0
1380,0.09589433,0.04994522,1,0,0
1381,0.087253876,0.046042554,1,0,0
1382,0.08024833,0.039454907,1,0,0
1383,0.07068142,0.026543437,1,0,0
1384,0.077785164,0.03288594,1,0,0
1385,0.07384381,0.030136222,1,0,0
1386,0.07072332,0.02810749,1,0,0
1387,0.08379856,0.0259282,1,0,0
1388,0.05857768,0.016795406,1,0,0
1389,0.06394562,0.01730242,1,0,0
1390,0.08518054,0.021720033,1,0,0
1391,0.1175914,0.032335237,1,0,0
1392,0.092052765,0.025948742,1,0,0
1393,0.08295687,0.030398738,1,0,0
1394,0.105813116,0.037528418,1,0,0
1395,0.08726524,0.0429469,1,0,0
1396,0.08661602,0.043140575,1,0,0
1397,0.08979789,0.035245515,1,0,0
1398,0.08450338,0.039769255,1,0,0
1399,0.093625285,0.03472172,1,0,0
1400,0.07799787,0.02860991,1,0,0
1401,0.091798805,0.0397976,1,0,0
1402,0.10154691,0.041096002,1,0,0
1403,0.09717643,0.035937574,1,0,0
1404,0.11270264,0.041935578,1,0,0
1405,0.10255122,0.030601649,1,0,0
1406,0.079780795,0.027422326,1,0,0
1407,0.08450701,0.033024456,1,0,0
1408,0.08138391,0.026623629,1,0,0
1409,0.08482823,0.028537929,1,0,0
1410,0.07292037,0.026327517,1,0,0
1411,0.08146169,0.042288348,1,0,0
1412,0.08577118,0.045618,1,0,0
1413,0.08973815,0.053057615,1,0,0
1414,0.09175918,0.04772429,1,0,0
1415,0.11370738,0.05290036,1,0,0
1416,0.0957204,0.057746805,1,0,0
1417,0.09800854,0.054371834,1,0,0
1418,0.0866554,0.057252686,1,0,0
1419,0.091648206,0.055722598,1,0,0
1420,0.09584107,0.049842212,1,0,0
1421,0.10804146,0.049770072,1,0,0
1422,0.094629236,0.06357758,1,0,0
1423,0.11193559,0.065085754,1,0,0
1424,0.090662636,0.05430875,1,0,0
1425,0.09619753,0.06081768,1,0,0
1426,0.124783374,0.07987104,1,0,0
1427,0.11101948,0.079203896,1,0,0
1428,0.11828045,0.09169971,1,0,0
1429,0.11829925,0.0893221,1,0,0
1430,0.13640355,0.10570518,1,0,0
1431,0.12310617,0.12580793,1,0,0
1432,0.13811645,0.15147601,1,0,0
1433,0.13916749,0.12540181,1,0,0
1434,0.14923704,0.1269073,1,0,0
1435,0.11311452,0.10143746,1,0,0
1436,0.11928526,0.08979746,1,0,0
1437,0.10787084,0.091135435,1,0,0
1438,0.11183168,0.09735986,1,0,0
1439,0.09986916,0.08057913,1,0,0
1440,0.1201113,0.07953518,1,0,0
1441,0.10805832,0.08617498,1,0,0
1442,0.10029627,0.079639114,1,0,0
1443,0.101409346,0.057977576,1,0,0
1444,0.101432085,0.06331496,1,0,0
1445,0.10670036,0.06694653,1,0,0
1446,0.109961435,0.07532013,1,0,0
1447,0.1075096,0.080994844,1,0,0
1448,0.12867345,0.09097042,1,0,0
1449,0.1300571,0.11419933,1,0,0
1450,0.13100763,0.10058574,1,0,0
1451,0.11319263,0.09251163,1,0,0
1452,0.12747096,0.107786864,1,0,0
1453,0.11892637,0.13322946,1,0,0
1454,0.12568966,0.119141504,1,0,0
1455,0.1478434,0.16377975,1,0,0
1456,0.1375979,0.18424048,1,0,0
1457,0.13699682,0.10301217,1,0,0
1458,0.10469027,0.07461012,1,0,0
1459,0.1088142,0.1059006,1,0,0
1460,0.10403536,0.09958287,1,0,0
1461,0.11451954,0.10398725,1,0,0
1462,0.11907439,0.10580921,1,0,0
1463,0.104107395,0.07844606,1,0,0
1464,0.110500015,0.06766566,1,0,0
1465,0.11814556,0.106041476,1,0,0
1466,0.14113069,0.13493861,1,0,0
1467,0.12499724,0.11185844,1,0,0
1468,0.13358293,0.12375071,1,0,0
1469,0.11643572,0.103292905,1,0,0
1470,0.121575,0.10100051,1,0,0
1471,0.12012511,0.10617095,1,0,0
1472,0.113628805,0.10282142,1,0,0
1473,0.12560938,0.10897593,1,0,0
1474,0.120827675,0.11282663,1,0,0
1475,0.12600113,0.1331566,1,0,0
1476,0.20936519,0.14136234,1,0,0
1477,0.11628666,0.12837607,1,0,0
1478,0.11285024,0.10584388,1,0,0
1479,0.10718146,0.09663438,1,0,0
1480,0.10812289,0.0859624,1,0,0
1481,0.106662355,0.08275671,1,0,0
1482,0.109008625,0.09040142,1,0,0
1483,0.105097145,0.11157734,1,0,0
1484,0.12093422,0.11053343,1,0,0
1485,0.11419617,0.111459225,1,0,0
1486,0.10592265,0.09718835,1,0,0
1487,0.103022516,0.09294928,1,0,0
1488,0.10984579,0.09337766,1,0,0
1489,0.11279407,0.09233245,1,0,0
1490,0.11094741,0.097732045,1,0,0
1491,0.11869279,0.11852934,1,0,0
1492,0.17686667,0.109119736,1,0,0
1493,0.145447,0.1394941,1,0,0
1494,0.12407625,0.13584372,1,0,0
1495,0.12219611,0.12530477,1,0,0
1496,0.14250033,0.10594508,1,0,0
1497,0.114057906,0.10767553,1,0,0
1498,0.11519057,0.12146403,1,0,0
1499,0.13715927,0.11056356,1,0,0
1500,0.13118061,0.0981689,1,0,0
1501,0.13795476,0.12917237,1,0,0
1502,0.1306154,0.1369381,1,0,0
1503,0.13275999,0.14347497,1,0,0
1504,0.13267091,0.15990755,1,0,0
1505,0.12774226,0.157775,1,0,0
1506,0.14030449,0.17354187,1,0,0
1507,0.13498431,0.18506457,1,0,0
1508,0.12937707,0.13376088,1,0,0
1509,0.11718984,0.117658116,1,0,0
1510,0.1278655,0.10451576,1,0,0
1511,0.11426492,0.09495155,1,0,0
1512,0.10092892,0.082679234,1,0,0
1513,0.10772878,0.084747806,1,0,0
1514,0.08728701,0.060915805,1,0,0
1515,0.08353925,0.06180167,1,0,0
1516,0.10909338,0.06732554,1,0,0
1517,0.1009974,0.06972438,1,0,0
1518,0.10669183,0.07201565,1,0,0
1519,0.1501998,0.12992448,1,0,0
1520,0.13224143,0.11862067,1,0,0
1521,0.1547789,0.119045235,1,0,0
1522,0.11309405,0.10327597,1,0,0
1523,0.14565496,0.12488912,1,0,0
1524,0.1298761,0.091457434,1,0,0
1525,0.13423999,0.11508817,1,0,0
1526,0.12503378,0.093420446,1,0,0
1527,0.13593772,0.09821604,1,0,0
1528,0.13847731,0.10000913,1,0,0
1529,0.14522141,0.103119805,1,0,0
1530,0.14025706,0.09200983,1,0,0
1531,0.15411253,0.10358683,1,0,0
1532,0.13815401,0.09928017,1,0,0
1533,0.14859478,0.13312829,1,0,0
1534,0.15727362,0.118028566,1,0,0
1535,0.13653122,0.09979597,1,0,0
1536,0.14200602,0.12371871,1,0,0
1537,0.14910798,0.14624767,1,0,0
1538,0.11990265,0.09304077,1,0,0
1539,0.12673792,0.08950967,1,0,0
1540,0.11671935,0.09472463,1,0,0
1541,0.14804375,0.079168335,1,0,0
1542,0.11577807,0.076730914,1,0,0
1543,0.12125481,0.09428787,1,0,0
1544,0.14739223,0.085909925,1,0,0
1545,0.11352316,0.08503899,1,0,0
1546,0.13131545,0.06895221,1,0,0
1547,0.12823056,0.06854187,1,0,0
1548,0.1429051,0.07714759,1,0,0
1549,0.12882651,0.076551676,1,0,0
1550,0.13556464,0.113705546,1,0,0
1551,0.13923736,0.08687628,1,0,0
1552,0.120485626,0.09091352,1,0,0
1553,0.13400793,0.06961518,1,0,0
1554,0.111494824,0.07090978,1,0,0
1555,0.114860296,0.08140574,1,0,0
1556,0.11104365,0.059061337,1,0,0
1557,0.11424047,0.071961775,1,0,0
1558,0.106866725,0.06952155,1,0,0
1559,0.11162636,0.072613314,1,0,0
1560,0.13062187,0.07812254,1,0,0
1561,0.1199563,0.07828318,1,0,0
1562,0.11592723,0.082816236,1,0,0
1563,0.13139504,0.06941556,1,0,0
1564,0.113299064,0.05445923,1,0,0
1565,0.121741496,0.06535051,1,0,0
1566,0.14166853,0.07086071,1,0,0
1567,0.118129104,0.06985046,1,0,0
1568,0.1330016,0.08952453,1,0,0
1569,0.12737201,0.09003163,1,0,0
1570,0.1267773,0.08258637,1,0,0
1571,0.1158227,0.06914993,1,0,0
1572,0.12001257,0.058429316,1,0,0
1573,0.110616215,0.07623397,1,0,0
1574,0.12405205,0.109119594,1,0,0
1575,0.13070309,0.11449904,1,0,0
1576,0.13076246,0.11374231,1,0,0
1577,0.13349582,0.11790907,1,0,0
1578,0.1408099,0.10784693,1,0,0
1579,0.13117534,0.084777154,1,0,0
1580,0.14414418,0.09814264,1,0,0
1581,0.13880599,0.11608297,1,0,0
1582,0.15119141,0.14929533,1,0,0
1583,0.1559739,0.16424079,1,0,0
1584,0.15635423,0.15173852,1,0,0
1585,0.14736752,0.106666386,1,0,0
1586,0.14080511,0.10453533,1,0,0
1587,0.16665883,0.14927278,1,0,0
1588,0.20464498,0.21074916,1,0,0
1589,0.206741,0.25032312,1,0,0
1590,0.21586764,0.28572828,1,0,0
1591,0.26585725,0.49104476,0,1,0
1592,0.29143524,0.6574632,0,1,0
1593,0.2934769,0.5331039,0,1,0
1594,0.31423652,0.705315,0,1,0
1595,0.25175154,0.4372321,0,1,0
1596,0.26961097,0.49472696,0,1,0
1597,0.2790278,0.52673817,0,1,0
1598,0.28976238,0.506316,0,1,0
1599,0.31444803,0.6518282,0,1,0
1600,0.29677325,0.53032625,0,1,0
1601,0.36558455,0.5564058,0,1,0
1602,0.32397088,0.60233784,0,1,0
1603,0.3080713,0.53933007,0,1,0
1604,0.3181651,0.63109577,0,1,0
1605,0.29430363,0.46030593,0,1,0
1606,0.28604123,0.5459986,0,1,0
1607,0.27807155,0.6267375,0,1,0
1608,0.2540124,0.40356284,0,1,0
1609,0.4184048,0.8001943,0,0,1
1610,0.26589698,0.406951,0,1,0
1611,0.22914916,0.34314057,0,1,0
1612,0.20630026,0.2916821,1,0,0
1613,0.22160275,0.2913775,0,1,0
1614,0.27419347,0.42067218,0,1,0
1615,0.2821585,0.48839813,0,1,0
1616,0.28355002,0.45265156,0,1,0
1617,0.24887574,0.3644472,0,1,0
1618,0.2542427,0.3510972,0,1,0
1619,0.25421923,0.36238158,0,1,0
1620,0.2626767,0.44358143,0,1,0
1621,0.2693323,0.48833776,0,1,0
1622,0.26229134,0.43412876,0,1,0
1623,0.24994308,0.46540716,0,1,0
1624,0.24952164,0.4896904,0,1,0
1625,0.25873396,0.5734802,0,1,0
1626,0.24990572,0.44298452,0,1,0
1627,0.23387265,0.4943875,0,1,0
1628,0.17912562,0.29537883,1,0,0
1629,0.16576295,0.2531711,1,0,0
1630,0.1691536,0.30571452,1,0,0
1631,0.21684921,0.51082665,1,0,0
1632,0.21149592,0.53224653,1,0,0
1633,0.20269231,0.54603446,1,0,0
1634,0.1531021,0.26025382,1,0,0
1635,0.120873466,0.18065704,1,0,0
1636,0.12399853,0.15154186,1,0,0
1637,0.104613885,0.09948193,1,0,0
1638,0.102484435,0.08504246,1,0,0
1639,0.09818665,0.058223203,1,0,0
1640,0.08871124,0.05020634,1,0,0
1641,0.08149731,0.054569893,1,0,0
1642,0.12428562,0.08515304,1,0,0
1643,0.09717072,0.067888714,1,0,0
1644,0.11647023,0.060125384,1,0,0
1645,0.109704845,0.056953613,1,0,0
1646,0.071580775,0.033951294,1,0,0
1647,0.103161186,0.047482237,1,0,0
1648,0.06838918,0.04470774,1,0,0
1649,0.061715133,0.034114305,1,0,0
1650,0.055893116,0.025064684,1,0,0
1651,0.050815042,0.013437998,1,0,0
1652,0.082957305,0.016750168,1,0,0
1653,0.05019157,0.01847414,1,0,0
1654,0.0572974,0.029957565,1,0,0
1655,0.07593961,0.033527467,1,0,0
1656,0.071492925,0.02387382,1,0,0
1657,0.059830762,0.017063458,1,0,0
1658,0.05428164,0.010408318,1,0,0
1659,0.06582844,0.023975508,1,0,0
1660,0.058967743,0.02767369,1,0,0
1661,0.07992803,0.02840161,1,0,0
1662,0.07371747,0.028290806,1,0,0
1663,0.05517193,0.010653676,1,0,0
1664,0.09870788,0.028673626,1,0,0
1665,0.08571493,0.030706186,1,0,0
1666,0.07963594,0.022891283,1,0,0
1667,0.08871501,0.030566584,1,0,0
1668,0.06738385,0.01898838,1,0,0
1669,0.050134014,0.016352503,1,0,0
1670,0.042981338,0.011036029,1,0,0
1671,0.044907924,0.0094550215,1,0,0
1672,0.06879601,0.017556494,1,0,0
1673,0.055754572,0.015008564,1,0,0
1674,0.06319288,0.020562565,1,0,0
1675,0.05529411,0.01829781,1,0,0
1676,0.071499914,0.029726977,1,0,0
1677,0.06380186,0.024547316,1,0,0
1678,0.057227243,0.014590313,1,0,0
1679,0.06172433,0.016321493,1,0,0
1680,0.07962262,0.022958815,1,0,0
1681,0.07215758,0.021508895,1,0,0
1682,0.070966445,0.027710348,1,0,0
1683,0.09522378,0.042166676,1,0,0
1684,0.11158835,0.050921537,1,0,0
1685,0.08434441,0.040144473,1,0,0
1686,0.08540171,0.025018808,1,0,0
1687,0.06985814,0.032445062,1,0,0
1688,0.09116647,0.043908585,1,0,0
1689,0.076234445,0.030425599,1,0,0
1690,0.06677164,0.021455564,1,0,0
1691,0.08895765,0.036522128,1,0,0
1692,0.06557597,0.03427123,1,0,0
1693,0.055158235,0.024108265,1,0,0
1694,0.065402865,0.0292706,1,0,0
1695,0.044843767,0.016489113,1,0,0
1696,0.04580488,0.012337938,1,0,0
1697,0.045607902,0.011914771,1,0,0
1698,0.04643196,0.009572961,1,0,0
1699,0.041973773,0.0089610275,1,0,0
1700,0.04022801,0.012318227,1,0,0
1701,0.077350274,0.0184986,1,0,0
1702,0.04980753,0.018615007,1,0,0
1703,0.055408,0.015318299,1,0,0
1704,0.05208951,0.013980422,1,0,0
1705,0.04790135,0.011939498,1,0,0
1706,0.053362954,0.011728845,1,0,0
1707,0.060186934,0.011567336,1,0,0
1708,0.05065787,0.008752718,1,0,0
1709,0.024072653,0.0047409604,1,0,0
1710,0.039823655,0.008079817,1,0,0
1711,0.07048284,0.0127279945,1,0,0
1712,0.01606846,0.0015118788,1,0,0
1713,0.059813812,0.023027366,1,0,0
1714,0.20901473,0.5050834,1,0,0
1715,0.051648863,0.012475802,1,0,0
1716,0.04494267,0.005017644,1,0,0
1717,0.017653568,0.0016200946,1,0,0
1718,0.034742303,0.0039741765,1,0,0
1719,0.017533405,0.0014158075,1,0,0
1720,0.028965613,0.003350715,1,0,0
1721,0.013183441,0.0023928245,1,0,0
1722,0.020352697,0.001739309,1,0,0
1723,0.0130473925,0.0007984413,1,0,0
1724,0.016384978,0.0015162292,1,0,0
1725,0.013330169,0.0017752238,1,0,0
1726,0.15710565,0.045366082,1,0,0
1727,0.58294433,1.3099959,0,0,1
1728,0.0627713,0.045541707,1,0,0
1729,0.07940346,0.049643703,1,0,0
1730,0.07988314,0.039611276,1,0,0
1731,0.09030255,0.03470313,1,0,0
1732,0.06939389,0.031053623,1,0,0
1733,0.085772954,0.03656754,1,0,0
1734,0.077690214,0.031614013,1,0,0
1735,0.10539917,0.039840832,1,0,0
1736,0.08784072,0.060452443,1,0,0
1737,0.08512684,0.05352459,1,0,0
1738,0.077701434,0.049575727,1,0,0
1739,0.079705015,0.054891467,1,0,0
1740,0.0785511,0.04909111,1,0,0
1741,0.102126144,0.044114433,1,0,0
1742,0.08664815,0.052077174,1,0,0
1743,0.09146187,0.046109397,1,0,0
1744,0.08087725,0.04888018,1,0,0
1745,0.08919422,0.05451001,1,0,0
1746,0.076314785,0.048030946,1,0,0
1747,0.08615929,0.04679506,1,0,0
1748,0.07581264,0.044740226,1,0,0
1749,0.108531445,0.058956,1,0,0
1750,0.09450452,0.07455013,1,0,0
1751,0.09487459,0.08647418,1,0,0
1752,0.118317805,0.07762592,1,0,0
1753,0.101318315,0.08033631,1,0,0
1754,0.11811488,0.087343946,1,0,0
1755,0.092410915,0.084772676,1,0,0
1756,0.08732049,0.05960198,1,0,0
1757,0.0970488,0.060359165,1,0,0
1758,0.103374414,0.09055251,1,0,0
1759,0.09610142,0.091718964,1,0,0
1760,0.102153376,0.09470162,1,0,0
1761,0.11059824,0.12659103,1,0,0
1762,0.10037643,0.07475508,1,0,0
1763,0.096227214,0.059740208,1,0,0
1764,0.09836319,0.081740454,1,0,0
1765,0.10397503,0.07774693,1,0,0
1766,0.094037995,0.05824531,1,0,0
1767,0.11266626,0.058322873,1,0,0
1768,0.111840785,0.09059755,1,0,0
1769,0.11636007,0.12251352,1,0,0
1770,0.1260811,0.077310085,1,0,0
1771,0.11236463,0.095113605,1,0,0
1772,0.11435593,0.107930474,1,0,0
1773,0.12368668,0.11099374,1,0,0
1774,0.11076335,0.084855,1,0,0
1775,0.10571513,0.09008468,1,0,0
1776,0.14863613,0.08405154,1,0,0
1777,0.11830592,0.08673686,1,0,0
1778,0.12111696,0.08806157,1,0,0
1779,0.11890082,0.09700899,1,0,0
1780,0.105547644,0.09903214,1,0,0
1781,0.0934527,0.056838304,1,0,0
1782,0.097058095,0.056790505,1,0,0
1783,0.098377734,0.065598726,1,0,0
1784,0.10773457,0.07364606,1,0,0
1785,0.10226194,0.07412857,1,0,0
1786,0.11022578,0.0776173,1,0,0
1787,0.13435166,0.09168979,1,0,0
1788,0.12623447,0.103965685,1,0,0
1789,0.12639607,0.10143378,1,0,0
1790,0.13639349,0.12299488,1,0,0
1791,0.13180953,0.116858415,1,0,0
1792,0.13522857,0.12953155,1,0,0
1793,0.13378605,0.12355252,1,0,0
1794,0.1184788,0.09972282,1,0,0
1795,0.14493461,0.08033676,1,0,0
1796,0.11700142,0.08142236,1,0,0
1797,0.11945314,0.09171601,1,0,0
1798,0.13656321,0.08990712,1,0,0
1799,0.1342491,0.13670059,1,0,0
1800,0.11546642,0.09120497,1,0,0
1801,0.11432513,0.09365318,1,0,0
1802,0.12369397,0.10621503,1,0,0
1803,0.11350436,0.086274944,1,0,0
1804,0.106195316,0.084109545,1,0,0
1805,0.11626868,0.08945198,1,0,0
1806,0.11332934,0.087476835,1,0,0
1807,0.13624349,0.10872445,1,0,0
1808,0.11736334,0.10483788,1,0,0
1809,0.12547892,0.10945941,1,0,0
1810,0.13142367,0.11941271,1,0,0
1811,0.12595609,0.11536861,1,0,0
1812,0.099077016,0.07407846,1,0,0
1813,0.13047309,0.07759963,1,0,0
1814,0.109059155,0.07106894,1,0,0
1815,0.11697021,0.08025446,1,0,0
1816,0.10543706,0.0970591,1,0,0
1817,0.10430248,0.11352,1,0,0
1818,0.102354586,0.09608206,1,0,0
1819,0.10262049,0.088687025,1,0,0
1820,0.1056646,0.09562701,1,0,0
1821,0.105863854,0.089691356,1,0,0
1822,0.11951846,0.090666,1,0,0
1823,0.11225718,0.10263782,1,0,0
1824,0.11330302,0.092658386,1,0,0
1825,0.106401466,0.09744681,1,0,0
1826,0.10711801,0.08961753,1,0,0
1827,0.1074697,0.10544103,1,0,0
1828,0.12095991,0.089551985,1,0,0
1829,0.0894667,0.060373172,1,0,0
1830,0.11376696,0.06988763,1,0,0
1831,0.123995066,0.08523354,1,0,0
1832,0.09685597,0.08576757,1,0,0
1833,0.10347945,0.070616685,1,0,0
1834,0.089033596,0.066606395,1,0,0
1835,0.09580114,0.052301627,1,0,0
1836,0.08525988,0.05258791,1,0,0
1837,0.08804581,0.047749322,1,0,0
1838,0.09142473,0.056700695,1,0,0
1839,0.100829154,0.056113377,1,0,0
1840,0.118567325,0.061980993,1,0,0
1841,0.10025979,0.0725826,1,0,0
1842,0.110054396,0.0753295,1,0,0
1843,0.10638274,0.069273315,1,0,0
1844,0.094012864,0.057121936,1,0,0
1845,0.0691464,0.028707994,1,0,0
1846,0.08256977,0.029092398,1,0,0
1847,0.057121295,0.019764088,1,0,0
1848,0.078473255,0.015831193,1,0,0
1849,0.0559789,0.017180713,1,0,0
1850,0.07309153,0.01814821,1,0,0
1851,0.12306447,0.020352876,1,0,0
1852,0.06942665,0.016092295,1,0,0
1853,0.056695957,0.01469206,1,0,0
1854,0.064282745,0.015647262,1,0,0
1855,0.07329192,0.016461905,1,0,0
1856,0.0626294,0.013121775,1,0,0
1857,0.052809052,0.012607112,1,0,0
1858,0.053796407,0.011930159,1,0,0
1859,0.057375945,0.010038112,1,0,0
1860,0.052854862,0.0077765593,1,0,0
1861,0.042839807,0.008922341,1,0,0
1862,0.036950722,0.005555558,1,0,0
1863,0.055741794,0.012433135,1,0,0
1864,0.05007645,0.023374978,1,0,0
1865,0.073713414,0.021153195,1,0,0
1866,0.05198796,0.012889916,1,0,0
1867,0.07138437,0.017278053,1,0,0
1868,0.074300654,0.022839254,1,0,0
1869,0.08198737,0.028454406,1,0,0
1870,0.08918056,0.030837672,1,0,0
1871,0.08031701,0.035711274,1,0,0
1872,0.08246277,0.03328967,1,0,0
1873,0.07418864,0.032756597,1,0,0
1874,0.080839925,0.025546653,1,0,0
1875,0.073595546,0.030143516,1,0,0
1876,0.090538114,0.03199949,1,0,0
1877,0.14167565,0.031355232,1,0,0
1878,0.08884228,0.04430417,1,0,0
1879,0.082654506,0.023184711,1,0,0
1880,0.075672135,0.024295479,1,0,0
1881,0.10443086,0.05550121,1,0,0
1882,0.069836564,0.036438387,1,0,0
1883,0.07429402,0.02742548,1,0,0
1884,0.07152971,0.02298979,1,0,0
1885,0.07591251,0.022444319,1,0,0
1886,0.060119145,0.020187689,1,0,0
1887,0.067371756,0.024859672,1,0,0
1888,0.05691906,0.0197603,1,0,0
1889,0.07258124,0.024171738,1,0,0
1890,0.07173311,0.017714834,1,0,0
1891,0.058758277,0.017341247,1,0,0
1892,0.06727537,0.018608363,1,0,0
1893,0.057766665,0.01817442,1,0,0
1894,0.08256876,0.019416012,1,0,0
1895,0.06328018,0.015089233,1,0,0
1896,0.06371245,0.017106874,1,0,0
1897,0.084996484,0.024045784,1,0,0
1898,0.084887765,0.024766227,1,0,0
1899,0.06632356,0.021447415,1,0,0
1900,0.06071858,0.025173163,1,0,0
1901,0.069323964,0.01716866,1,0,0
1902,0.05079411,0.016542785,1,0,0
1903,0.066199735,0.015994271,1,0,0
1904,0.043160122,0.010410875,1,0,0
1905,0.045711443,0.012766055,1,0,0
1906,0.052889813,0.0146046495,1,0,0
1907,0.048624452,0.015416431,1,0,0
1908,0.05546701,0.015222378,1,0,0
1909,0.07380306,0.020872006,1,0,0
1910,0.05444166,0.015515698,1,0,0
1911,0.07129101,0.018497646,1,0,0
1912,0.06114315,0.021129204,1,0,0
1913,0.073272675,0.025809519,1,0,0
1914,0.07212488,0.02881159,1,0,0
1915,0.07990153,0.07115453,1,0,0
1916,0.0783411,0.02025728,1,0,0
1917,0.051696915,0.013358921,1,0,0
1918,0.0659859,0.021271218,1,0,0
1919,0.07690563,0.020318218,1,0,0
1920,0.07375574,0.022975625,1,0,0
1921,0.06514738,0.019427205,1,0,0
1922,0.056256168,0.017608345,1,0,0
1923,0.055598322,0.015812209,1,0,0
1924,0.051514447,0.02478522,1,0,0
1925,0.055735137,0.02237079,1,0,0
1926,0.091428086,0.051461983,1,0,0
1927,0.095209904,0.036521133,1,0,0
1928,0.06472101,0.026151927,1,0,0
1929,0.08332485,0.034189645,1,0,0
1930,0.0664448,0.030646306,1,0,0
1931,0.07036853,0.027365072,1,0,0
1932,0.08029513,0.029365666,1,0,0
1933,0.059808567,0.019883726,1,0,0
1934,0.06258463,0.019709658,1,0,0
1935,0.08421493,0.020041503,1,0,0
1936,0.07329382,0.020717224,1,0,0
1937,0.08262827,0.020507785,1,0,0
1938,0.06292169,0.018830368,1,0,0
1939,0.08159042,0.027394457,1,0,0
1940,0.08645244,0.026781365,1,0,0
1941,0.06434111,0.02206052,1,0,0
1942,0.06246818,0.020475578,1,0,0
1943,0.06627653,0.013323225,1,0,0
1944,0.07024069,0.016900646,1,0,0
1945,0.049657397,0.01103224,1,0,0
1946,0.057094574,0.01505744,1,0,0
1947,0.05765332,0.0134811355,1,0,0
1948,0.06435583,0.01883194,1,0,0
1949,0.07591519,0.028028429,1,0,0
1950,0.10711191,0.057448056,1,0,0
1951,0.12173415,0.07104195,1,0,0
1952,0.15299793,0.113795765,1,0,0
1953,0.18058966,0.12922812,1,0,0
1954,0.17390583,0.113053955,1,0,0
1955,0.18873201,0.13323332,1,0,0
1956,0.22565413,0.17521426,0,1,0
1957,0.21558146,0.1840236,1,0,0
1958,0.22930318,0.21918987,0,1,0
1959,0.22831416,0.23399986,0,1,0
1960,0.23411067,0.28944635,0,1,0
1961,0.24003543,0.27641982,0,1,0
1962,0.3298422,0.4825439,0,1,0
1963,0.36092848,0.60364985,0,1,0
1964,0.37396017,0.67364985,0,1,0
1965,0.3884695,0.691303,0,1,0
1966,0.46769378,1.017972,0,0,1
1967,0.49604422,1.1640937,0,0,1
1968,0.6944911,1.7275598,0,0,1
1969,0.54949445,1.6047528,0,0,1
1970,0.5069654,1.1720641,0,0,1
1971,0.544426,1.7019085,0,0,1
1972,0.4673787,1.2028624,0,0,1
1973,0.4959642,1.5716585,0,0,1
1974,0.5721735,1.9657207,0,0,1
1975,0.56871784,1.8652761,0,0,1
1976,0.6581214,1.8803636,0,0,1
1977,0.5113282,1.6410258,0,0,1
1978,0.4736288,1.2761283,0,0,1
1979,0.57968456,1.986627,0,0,1
1980,0.6622434,2.737559,0,0,1
1981,0.5336937,1.7320602,0,0,1
1982,0.46930888,1.5039524,0,0,1
1983,0.5674522,2.2780826,0,0,1
1984,0.6045594,2.7819207,0,0,1
1985,0.5564857,2.400653,0,0,1
1986,0.49130177,2.0244653,0,0,1
1987,0.48345315,2.2989695,0,0,1
1988,0.4386934,1.9626428,0,0,1
1989,0.44433177,2.3084579,0,0,1
1990,0.3270369,1.4586691,0,1,0
1991,0.27221093,1.0559932,0,1,0
1992,0.28450897,1.2754188,0,1,0
1993,0.29462945,1.5568304,0,1,0
1994,0.282782,1.242056,0,1,0
1995,0.1472021,0.40070403,1,0,0
1996,0.08012229,0.14668782,1,0,0
1997,0.116949946,0.22651184,1,0,0
1998,0.11913044,0.39167014,1,0,0
1999,0.14209916,0.6435476,1,0,0
2000,0.12970206,0.5529441,1,0,0
2001,0.06803568,0.1251167,1,0,0
2002,0.04832033,0.08668766,1,0,0
2003,0.063695975,0.12188944,1,0,0
2004,0.032869924,0.02192916,1,0,0
2005,0.022621077,0.0021705367,1,0,0
2006,0.02726382,0.0018777594,1,0,0
2007,0.012242659,0.0004574677,1,0,0
2008,0.17467083,0.49530122,1,0,0
2009,0.01060085,0.0013720418,1,0,0
2010,0.020155247,0.0020052867,1,0,0
2011,0.018745417,0.0023010531,1,0,0
2012,0.015847735,0.0025669965,1,0,0
2013,0.013431198,0.00080358895,1,0,0
2014,0.021054585,0.0023224829,1,0,0
2015,0.017622037,0.0016555024,1,0,0
2016,0.63104063,1.8419437,0,0,1
2017,0.07202004,0.063716814,1,0,0
2018,0.08715791,0.07119789,1,0,0
2019,0.089621745,0.07022569,1,0,0
2020,0.1055591,0.07555935,1,0,0
2021,0.10086004,0.06679326,1,0,0
2022,0.09973761,0.06149128,1,0,0
2023,0.0920087,0.061648387,1,0,0
2024,0.10095204,0.075411364,1,0,0
2025,0.09990898,0.08691838,1,0,0
2026,0.10000368,0.07921789,1,0,0
2027,0.09942046,0.061548367,1,0,0
2028,0.0986515,0.07946054,1,0,0
2029,0.09642449,0.07519856,1,0,0
2030,0.10682565,0.085343376,1,0,0
2031,0.09984484,0.06297132,1,0,0
2032,0.087013505,0.051325206,1,0,0
2033,0.09280311,0.037399292,1,0,0
2034,0.07908306,0.045385476,1,0,0
2035,0.10589016,0.057378057,1,0,0
2036,0.0723651,0.0527545,1,0,0
2037,0.111811675,0.062854774,1,0,0
2038,0.11555476,0.07386673,1,0,0
2039,0.08819491,0.050066385,1,0,0
2040,0.087294474,0.042752083,1,0,0
2041,0.09612686,0.04299448,1,0,0
2042,0.10544453,0.05349223,1,0,0
2043,0.09402814,0.03590992,1,0,0
2044,0.10096234,0.055421792,1,0,0
2045,0.09301477,0.037267525,1,0,0
2046,0.107272476,0.050643336,1,0,0
2047,0.0962037,0.045685787,1,0,0
2048,0.100692645,0.045370564,1,0,0
2049,0.09743058,0.052348867,1,0,0
2050,0.09316205,0.04976516,1,0,0
2051,0.07957978,0.03399827,1,0,0
2052,0.10807428,0.04269118,1,0,0
2053,0.08262037,0.042358715,1,0,0
2054,0.075070925,0.0311553,1,0,0
2055,0.08601342,0.04938079,1,0,0
2056,0.09978788,0.060931962,1,0,0
2057,0.08209272,0.040579326,1,0,0
2058,0.07570889,0.028670436,1,0,0
2059,0.08516699,0.042551365,1,0,0
2060,0.08130415,0.038646158,1,0,0
2061,0.09002857,0.050168928,1,0,0
2062,0.0988513,0.053686664,1,0,0
2063,0.096776724,0.063355364,1,0,0
2064,0.09210274,0.062840484,1,0,0
2065,0.14485696,0.085565805,1,0,0
2066,0.13128307,0.085868135,1,0,0
2067,0.115782455,0.07405641,1,0,0
2068,0.12924705,0.069142185,1,0,0
2069,0.10126189,0.072545856,1,0,0
2070,0.1233855,0.062407393,1,0,0
2071,0.103359625,0.0648944,1,0,0
2072,0.123193756,0.06292558,1,0,0
2073,0.11917951,0.068753436,1,0,0
2074,0.10778429,0.071561955,1,0,0
2075,0.12196673,0.09124882,1,0,0
2076,0.15011603,0.10137338,1,0,0
2077,0.114561744,0.08020673,1,0,0
2078,0.10824675,0.06971114,1,0,0
2079,0.111118205,0.06837537,1,0,0
2080,0.14457919,0.15150258,1,0,0
2081,0.13341697,0.11009899,1,0,0
2082,0.13944194,0.07909515,1,0,0
2083,0.12770519,0.08274899,1,0,0
2084,0.1358992,0.09373245,1,0,0
2085,0.12681782,0.09895982,1,0,0
2086,0.13741247,0.1007713,1,0,0
2087,0.16447985,0.13721558,1,0,0
2088,0.14811932,0.14305541,1,0,0
2089,0.15549628,0.11978065,1,0,0
2090,0.13802648,0.10763179,1,0,0
2091,0.13459177,0.10945014,1,0,0
2092,0.1293164,0.093800664,1,0,0
2093,0.13896562,0.115461566,1,0,0
2094,0.14169218,0.14629,1,0,0
2095,0.15243317,0.14415187,1,0,0
2096,0.15190059,0.14122096,1,0,0
2097,0.16815789,0.24699503,1,0,0
2098,0.15253066,0.1744428,1,0,0
2099,0.15405503,0.17543182,1,0,0
2100,0.16512983,0.18654852,1,0,0
2101,0.19949399,0.16803281,1,0,0
2102,0.15437427,0.19424649,1,0,0
2103,0.15018426,0.15782228,1,0,0
2104,0.14120196,0.1252294,1,0,0
2105,0.13234168,0.110491484,1,0,0
2106,0.13037091,0.11469035,1,0,0
2107,0.14440757,0.13657159,1,0,0
2108,0.13257149,0.11637109,1,0,0
2109,0.15185465,0.16851307,1,0,0
2110,0.15401205,0.17995968,1,0,0
2111,0.14005421,0.12994693,1,0,0
2112,0.1262856,0.09809907,1,0,0
2113,0.121519014,0.089189,1,0,0
2114,0.13312177,0.09050042,1,0,0
2115,0.15171006,0.13266256,1,0,0
2116,0.1679607,0.1689298,1,0,0
2117,0.17342658,0.20573388,1,0,0
2118,0.1782409,0.2311942,1,0,0
2119,0.18760583,0.25740913,1,0,0
2120,0.16906032,0.18486929,1,0,0
2121,0.16372123,0.19380073,1,0,0
2122,0.17945357,0.24968255,1,0,0
2123,0.16216935,0.14606194,1,0,0
2124,0.16713007,0.14247528,1,0,0
2125,0.17273019,0.16946456,1,0,0
2126,0.16898692,0.15773013,1,0,0
2127,0.16392173,0.16493468,1,0,0
2128,0.15487358,0.14710853,1,0,0
2129,0.1607547,0.17858048,1,0,0
2130,0.14848056,0.12790434,1,0,0
2131,0.1298239,0.1031307,1,0,0
2132,0.14209098,0.121428415,1,0,0
2133,0.14847,0.12279433,1,0,0
2134,0.1395317,0.1260129,1,0,0
2135,0.13899873,0.1174144,1,0,0
2136,0.1487494,0.1485412,1,0,0
2137,0.14041576,0.14630383,1,0,0
2138,0.14461422,0.14372958,1,0,0
2139,0.14550424,0.13370189,1,0,0
2140,0.14314476,0.13664111,1,0,0
2141,0.15149702,0.16523403,1,0,0
2142,0.15821344,0.15398708,1,0,0
2143,0.15545563,0.15601842,1,0,0
2144,0.15317486,0.15991212,1,0,0
2145,0.14561982,0.16264713,1,0,0
2146,0.14781272,0.14957748,1,0,0
2147,0.13236019,0.11962988,1,0,0
2148,0.1413622,0.14047194,1,0,0
2149,0.13662823,0.11972323,1,0,0
2150,0.15593725,0.15372427,1,0,0
2151,0.13083263,0.11119653,1,0,0
2152,0.13209946,0.11412998,1,0,0
2153,0.12876928,0.10012707,1,0,0
2154,0.10957076,0.09408865,1,0,0
2155,0.11032141,0.09447702,1,0,0
2156,0.11687462,0.097228765,1,0,0
2157,0.13039756,0.0933241,1,0,0
2158,0.12194499,0.12874435,1,0,0
2159,0.11726907,0.11971078,1,0,0
2160,0.11318502,0.09925915,1,0,0
2161,0.11965056,0.12498533,1,0,0
2162,0.10823421,0.11576796,1,0,0
2163,0.120552786,0.14364454,1,0,0
2164,0.1181705,0.13923562,1,0,0
2165,0.13448282,0.15501644,1,0,0
2166,0.18793903,0.12796102,1,0,0
2167,0.14750724,0.1486536,1,0,0
2168,0.12920307,0.11070278,1,0,0
2169,0.14427428,0.11935721,1,0,0
2170,0.13297881,0.14778376,1,0,0
2171,0.13215004,0.13361281,1,0,0
2172,0.14346021,0.15003632,1,0,0
2173,0.15682597,0.14507855,1,0,0
2174,0.113433905,0.11463449,1,0,0
2175,0.13087516,0.10428719,1,0,0
2176,0.10739146,0.10509111,1,0,0
2177,0.12328857,0.11887067,1,0,0
2178,0.1185281,0.1218029,1,0,0
2179,0.11705141,0.13271901,1,0,0
2180,0.12220609,0.11356113,1,0,0
2181,0.11721505,0.12629142,1,0,0
2182,0.12184245,0.12511967,1,0,0
2183,0.1175194,0.12227163,1,0,0
2184,0.107403524,0.109248355,1,0,0
2185,0.1272216,0.10726144,1,0,0
2186,0.12536037,0.13056542,1,0,0
2187,0.13803574,0.12974676,1,0,0
2188,0.12365096,0.14638188,1,0,0
2189,0.12476777,0.14148359,1,0,0
2190,0.14031865,0.13518447,1,0,0
2191,0.11676216,0.125719,1,0,0
2192,0.11621727,0.12657505,1,0,0
2193,0.11824259,0.10947891,1,0,0
2194,0.1163951,0.117492534,1,0,0
2195,0.13088483,0.10730536,1,0,0
2196,0.10234226,0.09102126,1,0,0
2197,0.11028002,0.11565744,1,0,0
2198,0.103384346,0.103422925,1,0,0
2199,0.10294641,0.090507984,1,0,0
2200,0.1009582,0.09546868,1,0,0
2201,0.10123643,0.10660784,1,0,0
2202,0.1056993,0.12497065,1,0,0
2203,0.12574163,0.122106045,1,0,0
2204,0.10631683,0.11807915,1,0,0
2205,0.10838824,0.08748789,1,0,0
2206,0.089120425,0.067735985,1,0,0
2207,0.09785107,0.063360974,1,0,0
2208,0.09001933,0.06694663,1,0,0
2209,0.0888527,0.06142908,1,0,0
2210,0.08263576,0.05489874,1,0,0
2211,0.11591165,0.061462782,1,0,0
2212,0.09790264,0.075174585,1,0,0
2213,0.095363244,0.07150931,1,0,0
2214,0.09937606,0.07402865,1,0,0
2215,0.14017019,0.08978396,1,0,0
2216,0.12903608,0.11310851,1,0,0
2217,0.104477294,0.09446572,1,0,0
2218,0.09106526,0.056925658,1,0,0
2219,0.1085129,0.05781073,1,0,0
2220,0.09537588,0.063024975,1,0,0
2221,0.08989423,0.07299769,1,0,0
2222,0.0933748,0.07418982,1,0,0
2223,0.085356735,0.07210128,1,0,0
2224,0.088238865,0.06123685,1,0,0
2225,0.080192626,0.051260035,1,0,0
2226,0.16733612,0.069426715,1,0,0
2227,0.0780206,0.057737187,1,0,0
2228,0.08676076,0.06838752,1,0,0
2229,0.11513287,0.07901101,1,0,0
2230,0.09362911,0.09565496,1,0,0
2231,0.111415215,0.09582142,1,0,0
2232,0.090551786,0.06266558,1,0,0
2233,0.07380203,0.04545774,1,0,0
2234,0.08310713,0.049210645,1,0,0
2235,0.09663389,0.060324896,1,0,0
2236,0.10287787,0.0794451,1,0,0
2237,0.106061324,0.07971056,1,0,0
2238,0.09822942,0.07339848,1,0,0
2239,0.124525,0.073920794,1,0,0
2240,0.11061393,0.077461734,1,0,0
2241,0.14638782,0.08364261,1,0,0
2242,0.10686732,0.07599358,1,0,0
2243,0.13265148,0.15009028,1,0,0
2244,0.15085468,0.11900266,1,0,0
2245,0.12719704,0.11747236,1,0,0
2246,0.14495072,0.13905166,1,0,0
2247,0.15551326,0.16598658,1,0,0
2248,0.15922317,0.17325848,1,0,0
2249,0.16074967,0.15338102,1,0,0
2250,0.17307018,0.17920989,1,0,0
2251,0.19118148,0.29448485,1,0,0
2252,0.18811277,0.21274719,1,0,0
2253,0.17088142,0.1573014,1,0,0
2254,0.16656494,0.17324343,1,0,0
2255,0.16782272,0.2206449,1,0,0
2256,0.17005822,0.20956516,1,0,0
2257,0.16183221,0.20177336,1,0,0
2258,0.14855763,0.16651061,1,0,0
2259,0.15048592,0.15176344,1,0,0
2260,0.15040246,0.15682594,1,0,0
2261,0.17360018,0.22184509,1,0,0
2262,0.18177992,0.22639124,1,0,0
2263,0.18153305,0.20152056,1,0,0
2264,0.15560655,0.14286466,1,0,0
2265,0.1428471,0.13168174,1,0,0
2266,0.15335165,0.1474394,1,0,0
2267,0.16538158,0.16450234,1,0,0
2268,0.16852956,0.16645084,1,0,0
2269,0.16328178,0.1759684,1,0,0
2270,0.17594904,0.20024554,1,0,0
2271,0.17792854,0.18049987,1,0,0
2272,0.17987922,0.20544703,1,0,0
2273,0.1809991,0.21190244,1,0,0
2274,0.18521015,0.24561831,1,0,0
2275,0.1990038,0.22727042,1,0,0
2276,0.20390663,0.31783235,1,0,0
2277,0.19144602,0.25356492,1,0,0
2278,0.20161985,0.26424444,1,0,0
2279,0.19635394,0.24688594,1,0,0
2280,0.20737055,0.26308498,1,0,0
2281,0.20535506,0.2291236,1,0,0
2282,0.21091361,0.28220984,1,0,0
2283,0.20986605,0.26746318,1,0,0
2284,0.21357907,0.31579682,1,0,0
2285,0.21366549,0.39127535,1,0,0
2286,0.18921909,0.20214424,1,0,0
2287,0.17543738,0.19325882,1,0,0
2288,0.18111381,0.21232373,1,0,0
2289,0.1976991,0.27790916,1,0,0
2290,0.19346786,0.28523377,1,0,0
2291,0.20198424,0.33785984,1,0,0
2292,0.17634568,0.23823023,1,0,0
2293,0.15393922,0.16019507,1,0,0
2294,0.1630682,0.1559534,1,0,0
2295,0.17388539,0.18556078,1,0,0
2296,0.19412854,0.24650714,1,0,0
2297,0.2002082,0.22746406,1,0,0
2298,0.20900807,0.26560166,1,0,0
2299,0.20553799,0.288867,1,0,0
2300,0.19468775,0.24455343,1,0,0
2301,0.18025897,0.18414284,1,0,0
2302,0.16397804,0.16663285,1,0,0
2303,0.16060877,0.16847025,1,0,0
2304,0.17492495,0.18179464,1,0,0
2305,0.17871685,0.204381,1,0,0
2306,0.16579823,0.17172569,1,0,0
2307,0.15724172,0.16434094,1,0,0
2308,0.14935693,0.13919772,1,0,0
2309,0.13155533,0.11407226,1,0,0
2310,0.12524423,0.10076864,1,0,0
2311,0.14101323,0.12426193,1,0,0
2312,0.14327005,0.11355587,1,0,0
2313,0.13596953,0.116560824,1,0,0
2314,0.11643953,0.08082945,1,0,0
2315,0.11222854,0.08458655,1,0,0
2316,0.1841712,0.08709271,1,0,0
2317,0.12188501,0.09307309,1,0,0
2318,0.11459039,0.084052235,1,0,0
2319,0.099339135,0.054033395,1,0,0
2320,0.10230127,0.04809671,1,0,0
2321,0.09133473,0.04995757,1,0,0
2322,0.09732192,0.05059282,1,0,0
2323,0.113696076,0.051491648,1,0,0
2324,0.09515931,0.05412667,1,0,0
2325,0.093590066,0.053733457,1,0,0
2326,0.103512734,0.07080252,1,0,0
2327,0.088049404,0.04647176,1,0,0
2328,0.10558057,0.09029499,1,0,0
2329,0.11003005,0.0827426,1,0,0
2330,0.101153746,0.06533399,1,0,0
2331,0.09981163,0.0542409,1,0,0
2332,0.09318252,0.04980996,1,0,0
2333,0.10292089,0.062268123,1,0,0
2334,0.09851292,0.06365144,1,0,0
2335,0.10379065,0.07277091,1,0,0
2336,0.10801294,0.076317646,1,0,0
2337,0.11160932,0.09004393,1,0,0
2338,0.12751466,0.14736277,1,0,0
2339,0.12492655,0.10737081,1,0,0
2340,0.11562931,0.07291349,1,0,0
2341,0.12244362,0.07886482,1,0,0
2342,0.14556976,0.078948975,1,0,0
2343,0.14454523,0.10543629,1,0,0
2344,0.14778975,0.10616218,1,0,0
2345,0.13639258,0.09095471,1,0,0
2346,0.14280768,0.104480624,1,0,0
2347,0.14940444,0.11154373,1,0,0
2348,0.14599335,0.102982014,1,0,0
2349,0.14747258,0.11382558,1,0,0
2350,0.14304824,0.102205284,1,0,0
2351,0.18894187,0.08389219,1,0,0
2352,0.14386775,0.09865695,1,0,0
2353,0.15412696,0.1115766,1,0,0
2354,0.15851459,0.14540447,1,0,0
2355,0.17136045,0.14009532,1,0,0
2356,0.17131674,0.13922705,1,0,0
2357,0.16409081,0.124417074,1,0,0
2358,0.16407837,0.12691712,1,0,0
2359,0.15711747,0.116748735,1,0,0
2360,0.16578352,0.1322533,1,0,0
2361,0.1687938,0.14093576,1,0,0
2362,0.1733376,0.14684322,1,0,0
2363,0.1845088,0.1637991,1,0,0
2364,0.18283744,0.15958808,1,0,0
2365,0.2192065,0.16501015,1,0,0
2366,0.17540605,0.14917456,1,0,0
2367,0.18843445,0.13696848,1,0,0
2368,0.16277054,0.109431915,1,0,0
2369,0.1660082,0.11214911,1,0,0
2370,0.17709598,0.132107,1,0,0
2371,0.18459874,0.14148723,1,0,0
2372,0.20909995,0.19866961,1,0,0
2373,0.19764897,0.18555094,1,0,0
2374,0.20344469,0.1875515,1,0,0
2375,0.20008755,0.16503261,1,0,0
2376,0.19691488,0.16903786,1,0,0
2377,0.2000081,0.17909323,1,0,0
2378,0.18290792,0.16062854,1,0,0
2379,0.1881472,0.15681447,1,0,0
2380,0.20534399,0.18214351,1,0,0
2381,0.20346397,0.18335909,1,0,0
2382,0.1923194,0.1625209,1,0,0
2383,0.21321224,0.22984523,1,0,0
2384,0.21024309,0.19957411,1,0,0
2385,0.21877538,0.23057604,1,0,0
2386,0.2581679,0.30591124,0,1,0
2387,0.23295563,0.27726096,0,1,0
2388,0.24724655,0.32199487,0,1,0
2389,0.2712706,0.41535562,0,1,0
2390,0.31744832,0.53371906,0,1,0
2391,0.4049389,1.0367547,0,0,1
2392,0.42614916,0.9314725,0,0,1
2393,0.39648107,0.79634696,0,1,0
2394,0.46768138,1.2807416,0,0,1
2395,0.5177561,1.4584785,0,0,1
2396,0.6141691,2.0160213,0,0,1
2397,0.5307987,1.4104555,0,0,1
2398,0.46680358,1.0636177,0,0,1
2399,0.529845,1.3607893,0,0,1
2400,0.58210665,1.6349676,0,0,1
2401,0.69205076,2.172733,0,0,1
2402,0.6760318,2.080838,0,0,1
2403,0.7970895,2.1412463,0,0,1
2404,0.52210927,1.2380389,0,0,1
2405,0.56637305,1.5298245,0,0,1
2406,0.59485954,1.5526139,0,0,1
2407,0.6239986,1.9561399,0,0,1
2408,0.5524765,1.4824713,0,0,1
2409,0.5898617,1.6498435,0,0,1
2410,0.6333777,1.8219365,0,0,1
2411,0.63146144,1.8619603,0,0,1
2412,0.660059,2.1456902,0,0,1
2413,0.5987894,1.8813456,0,0,1
2414,0.5278518,1.4939461,0,0,1
2415,0.5453417,1.6335385,0,0,1
2416,0.55971813,1.6015632,0,0,1
2417,0.5385764,1.6009266,0,0,1
2418,0.552633,1.8242801,0,0,1
2419,0.45629877,1.2353723,0,0,1
2420,0.4459877,1.1352968,0,0,1
2421,0.39838478,1.072293,0,1,0
2422,0.36226833,0.8883998,0,1,0
2423,0.28039977,0.5774671,0,1,0
2424,0.25866947,0.50393945,0,1,0
2425,0.2765894,0.5407546,0,1,0
2426,0.29688436,0.52122694,0,1,0
2427,0.26834986,0.49004415,0,1,0
2428,0.25449374,0.42960277,0,1,0
2429,0.23275386,0.3772252,0,1,0
2430,0.20937467,0.31531084,1,0,0
2431,0.19416068,0.29279846,1,0,0
2432,0.19953156,0.23186274,1,0,0
2433,0.18299837,0.2340414,1,0,0
2434,0.17183004,0.2557706,1,0,0
2435,0.17833948,0.29583842,1,0,0
2436,0.19132853,0.26631442,1,0,0
2437,0.17120594,0.2271581,1,0,0
2438,0.16902103,0.23142278,1,0,0
2439,0.13678119,0.14274107,1,0,0
2440,0.10909368,0.11094203,1,0,0
2441,0.119530156,0.10945671,1,0,0
2442,0.13264303,0.109607875,1,0,0
2443,0.112575695,0.0743866,1,0,0
2444,0.1536394,0.13087535,1,0,0
2445,0.11381827,0.083568424,1,0,0
2446,0.116317816,0.093589485,1,0,0
2447,0.10950837,0.07378894,1,0,0
2448,0.092955306,0.049154464,1,0,0
2449,0.102857344,0.056488074,1,0,0
2450,0.09970435,0.06745182,1,0,0
2451,0.10139685,0.06108211,1,0,0
2452,0.093194544,0.071546875,1,0,0
2453,0.09271633,0.041904114,1,0,0
2454,0.07558297,0.03625938,1,0,0
2455,0.08781604,0.049032763,1,0,0
2456,0.067536235,0.033741444,1,0,0
2457,0.07642029,0.047096997,1,0,0
2458,0.06838321,0.035370808,1,0,0
2459,0.06636233,0.030974092,1,0,0
2460,0.06996287,0.033235554,1,0,0
2461,0.056084283,0.024470465,1,0,0
2462,0.04969732,0.039104506,1,0,0
2463,0.042279147,0.031061135,1,0,0
2464,1.616414,7.0721664,0,0,1
2465,0.06778304,0.03272405,1,0,0
2466,0.0992552,0.065257095,1,0,0
2467,0.12705904,0.0947819,1,0,0
2468,0.10276574,0.077009186,1,0,0
2469,0.100516535,0.046045657,1,0,0
2470,0.09938731,0.048602607,1,0,0
2471,0.10336989,0.046285376,1,0,0
2472,0.097991295,0.07182709,1,0,0
2473,0.08725989,0.053303555,1,0,0
2474,0.083820105,0.042830076,1,0,0
2475,0.07487176,0.029329818,1,0,0
2476,0.15342598,0.034023598,1,0,0
2477,0.07994438,0.035195705,1,0,0
2478,0.079173006,0.030403255,1,0,0
2479,0.09351101,0.040461052,1,0,0
2480,0.10086682,0.0554606,1,0,0
2481,0.11440878,0.06861514,1,0,0
2482,0.10330007,0.053150542,1,0,0
2483,0.1069106,0.057489656,1,0,0
2484,0.108119264,0.04372796,1,0,0
2485,0.11245949,0.042878076,1,0,0
2486,0.09295886,0.047454108,1,0,0
2487,0.113572136,0.049968414,1,0,0
2488,0.092893705,0.05168096,1,0,0
2489,0.09705259,0.064010985,1,0,0
2490,0.09520309,0.053947087,1,0,0
2491,0.09722179,0.052253574,1,0,0
2492,0.117788926,0.04987364,1,0,0
2493,0.09151669,0.050788414,1,0,0
2494,0.09751877,0.046039447,1,0,0
2495,0.09089821,0.045329317,1,0,0
2496,0.09717712,0.055360973,1,0,0
2497,0.10183366,0.08319809,1,0,0
2498,0.10111122,0.05621762,1,0,0
2499,0.08429589,0.039820578,1,0,0
2500,0.09502094,0.04257998,1,0,0
2501,0.08644267,0.054514524,1,0,0
2502,0.10215744,0.05433628,1,0,0
2503,0.10305873,0.06074298,1,0,0
2504,0.100687325,0.07221208,1,0,0
2505,0.11711885,0.08575271,1,0,0
2506,0.12417117,0.09661391,1,0,0
2507,0.11604027,0.09861549,1,0,0
2508,0.13165954,0.073630996,1,0,0
2509,0.112768196,0.08725644,1,0,0
2510,0.12430936,0.108408205,1,0,0
2511,0.118095346,0.09832057,1,0,0
2512,0.113016,0.093099535,1,0,0
2513,0.14880377,0.11813124,1,0,0
2514,0.11662856,0.0910674,1,0,0
2515,0.13013883,0.13165091,1,0,0
2516,0.14823301,0.13453552,1,0,0
2517,0.13459298,0.12514988,1,0,0
2518,0.12868467,0.12091176,1,0,0
2519,0.13404529,0.1108351,1,0,0
2520,0.13834219,0.09475456,1,0,0
2521,0.12159948,0.100795984,1,0,0
2522,0.11684489,0.09777237,1,0,0
2523,0.1176591,0.10483774,1,0,0
2524,0.10013451,0.07920386,1,0,0
2525,0.11220112,0.10865348,1,0,0
2526,0.10918324,0.10482078,1,0,0
2527,0.13107252,0.10182888,1,0,0
2528,0.11072562,0.09984506,1,0,0
2529,0.119803235,0.107523635,1,0,0
2530,0.10252036,0.08216315,1,0,0
2531,0.11078743,0.1212243,1,0,0
2532,0.12808204,0.12845539,1,0,0
2533,0.1158607,0.09467428,1,0,0
2534,0.10957957,0.093862355,1,0,0
2535,0.105502956,0.08814134,1,0,0
2536,0.10218624,0.07346997,1,0,0
2537,0.09534114,0.060862876,1,0,0
2538,0.08801442,0.052259885,1,0,0
2539,0.092016704,0.06397029,1,0,0
2540,0.104052246,0.101088226,1,0,0
2541,0.09617505,0.07518466,1,0,0
2542,0.0968977,0.0852169,1,0,0
2543,0.10263141,0.07927874,1,0,0
2544,0.11476272,0.13500781,1,0,0
2545,0.11458602,0.09495829,1,0,0
2546,0.111459315,0.09364243,1,0,0
2547,0.11292956,0.1270585,1,0,0
2548,0.120937474,0.09191941,1,0,0
2549,0.12539427,0.08713277,1,0,0
2550,0.10963618,0.10311196,1,0,0
2551,0.12347209,0.14504069,1,0,0
2552,0.124487594,0.1424939,1,0,0
2553,0.13179512,0.12449426,1,0,0
2554,0.1257272,0.11918732,1,0,0
2555,0.12974598,0.1481705,1,0,0
2556,0.11940069,0.13114975,1,0,0
2557,0.108123474,0.082086675,1,0,0
2558,0.11301501,0.09509763,1,0,0
2559,0.13319461,0.11580133,1,0,0
2560,0.11890084,0.11386254,1,0,0
2561,0.12178004,0.11639493,1,0,0
2562,0.12601052,0.116345026,1,0,0
2563,0.13817687,0.11994812,1,0,0
2564,0.12601165,0.092646986,1,0,0
2565,0.14917219,0.1503127,1,0,0
2566,0.13561054,0.10788315,1,0,0
2567,0.12997146,0.083421,1,0,0
2568,0.11478109,0.07393922,1,0,0
2569,0.13388398,0.09063534,1,0,0
2570,0.124730505,0.09859908,1,0,0
2571,0.12434645,0.08866749,1,0,0
2572,0.12892446,0.092132844,1,0,0
2573,0.12255811,0.099175915,1,0,0
2574,0.12066774,0.094448715,1,0,0
2575,0.13436072,0.10228528,1,0,0
2576,0.122737505,0.083762996,1,0,0
2577,0.13115107,0.071466334,1,0,0
2578,0.1468658,0.10729016,1,0,0
2579,0.13029121,0.08953938,1,0,0
2580,0.116804786,0.06164737,1,0,0
2581,0.10977768,0.057472285,1,0,0
2582,0.105967075,0.06959493,1,0,0
2583,0.11499574,0.093150534,1,0,0
2584,0.097168535,0.057659984,1,0,0
2585,0.09981919,0.07008901,1,0,0
2586,0.10976615,0.07006625,1,0,0
2587,0.10364947,0.059318468,1,0,0
2588,0.09726411,0.058770314,1,0,0
2589,0.089076936,0.033759385,1,0,0
2590,0.0944159,0.05075446,1,0,0
2591,0.08049645,0.041195292,1,0,0
2592,0.08756767,0.053482488,1,0,0
2593,0.093995675,0.052455783,1,0,0
2594,0.10544646,0.051910497,1,0,0
2595,0.10405326,0.07049076,1,0,0
2596,0.1184185,0.0725277,1,0,0
2597,0.1164002,0.070027776,1,0,0
2598,0.12639426,0.075588726,1,0,0
2599,0.12513378,0.08243018,1,0,0
2600,0.12044883,0.08164019,1,0,0
2601,0.1723338,0.08677593,1,0,0
2602,0.13083667,0.091161676,1,0,0
2603,0.13167024,0.12658566,1,0,0
2604,0.12601335,0.105965056,1,0,0
2605,0.12714297,0.08138018,1,0,0
2606,0.11818241,0.08328756,1,0,0
2607,0.10392694,0.071584634,1,0,0
2608,0.11337341,0.06674436,1,0,0
2609,0.10985243,0.06661155,1,0,0
2610,0.11348501,0.087210886,1,0,0
2611,0.119041644,0.10695619,1,0,0
2612,0.12432604,0.13339473,1,0,0
2613,0.121999525,0.122252986,1,0,0
2614,0.17660919,0.07974865,1,0,0
2615,0.1273364,0.08043925,1,0,0
2616,0.117813125,0.08674916,1,0,0
2617,0.13601246,0.0667759,1,0,0
2618,0.1174255,0.07016608,1,0,0
2619,0.11359118,0.080508485,1,0,0
2620,0.13061078,0.1003185,1,0,0
2621,0.11378311,0.1010657,1,0,0
2622,0.11576487,0.09810781,1,0,0
2623,0.120932035,0.092856675,1,0,0
2624,0.114539556,0.08567263,1,0,0
2625,0.12267105,0.0879791,1,0,0
2626,0.12207363,0.12332754,1,0,0
2627,0.12801322,0.1085143,1,0,0
2628,0.105956495,0.108078994,1,0,0
2629,0.101551294,0.08779852,1,0,0
2630,0.11601569,0.092778444,1,0,0
2631,0.115159556,0.11413459,1,0,0
2632,0.107076176,0.104477815,1,0,0
2633,0.11653997,0.083415285,1,0,0
2634,0.12183914,0.07513658,1,0,0
2635,0.108639754,0.061072644,1,0,0
2636,0.09616807,0.05740533,1,0,0
2637,0.11599575,0.09374485,1,0,0
2638,0.117458396,0.111189485,1,0,0
2639,0.09835358,0.053491466,1,0,0
2640,0.10056934,0.06375835,1,0,0
2641,0.10460481,0.08881555,1,0,0
2642,0.092471614,0.07508996,1,0,0
2643,0.09132649,0.049303286,1,0,0
2644,0.105542384,0.04441411,1,0,0
2645,0.094567604,0.058667824,1,0,0
2646,0.110638656,0.078654446,1,0,0
2647,0.09590976,0.06177212,1,0,0
2648,0.09099048,0.03352235,1,0,0
2649,0.084426075,0.03646276,1,0,0
2650,0.07559508,0.0314042,1,0,0
2651,0.097219735,0.028347066,1,0,0
2652,0.080494896,0.025975611,1,0,0
2653,0.08450229,0.032884125,1,0,0
2654,0.09545129,0.04897781,1,0,0
2655,0.104958944,0.05410791,1,0,0
2656,0.09428772,0.03837146,1,0,0
2657,0.075461164,0.035255887,1,0,0
2658,0.086686246,0.029849611,1,0,0
2659,0.08314311,0.039610762,1,0,0
2660,0.07331764,0.030553153,1,0,0
2661,0.076012686,0.030165087,1,0,0
2662,0.07306638,0.038010616,1,0,0
2663,0.13472444,0.04328923,1,0,0
2664,0.11378717,0.032185372,1,0,0
2665,0.071369104,0.02786617,1,0,0
2666,0.06634494,0.02654733,1,0,0
2667,0.078852884,0.019362757,1,0,0
2668,0.07185898,0.028499959,1,0,0
2669,0.06798988,0.030061286,1,0,0
2670,0.07650215,0.039268743,1,0,0
2671,0.08566375,0.0301555,1,0,0
2672,0.0940273,0.028027652,1,0,0
2673,0.07706996,0.03464494,1,0,0
2674,0.07997075,0.030689595,1,0,0
2675,0.07463266,0.040525053,1,0,0
2676,0.08718281,0.03381534,1,0,0
2677,0.07670224,0.035705987,1,0,0
2678,0.08385059,0.039481506,1,0,0
2679,0.10760687,0.05144324,1,0,0
2680,0.11280871,0.07709743,1,0,0
2681,0.12870064,0.11016065,1,0,0
2682,0.0953493,0.0866269,1,0,0
2683,0.113963075,0.09767021,1,0,0
2684,0.12383108,0.11797207,1,0,0
2685,0.116242826,0.09787352,1,0,0
2686,0.09202927,0.090619914,1,0,0
2687,0.1282641,0.13942671,1,0,0
2688,0.112703376,0.11654341,1,0,0
2689,0.13681921,0.096144065,1,0,0
2690,0.124390244,0.10307172,1,0,0
2691,0.13557152,0.108606786,1,0,0
2692,0.1533547,0.16794406,1,0,0
2693,0.15896034,0.19331001,1,0,0
2694,0.18187042,0.20094684,1,0,0
2695,0.19676013,0.23110072,1,0,0
2696,0.22397646,0.27966636,0,1,0
2697,0.2318677,0.29010215,0,1,0
2698,0.23454681,0.3189404,0,1,0
2699,0.2600247,0.41093004,0,1,0
2700,0.31437343,0.59780496,0,1,0
2701,0.28948054,0.46039551,0,1,0
2702,0.3722395,0.8747252,0,1,0
2703,0.35982543,0.78930867,0,1,0
2704,0.39355704,1.1071064,0,1,0
2705,0.3320943,0.61309516,0,1,0
2706,0.34433356,0.68986356,0,1,0
2707,0.35016277,0.78547466,0,1,0
2708,0.34029427,0.79743683,0,1,0
2709,0.281322,0.4103009,0,1,0
2710,0.42970628,0.8021149,0,0,1
2711,0.27613342,0.392765,0,1,0
2712,0.33333227,0.6763819,0,1,0
2713,0.3088067,0.55001223,0,1,0
2714,0.31046823,0.50078887,0,1,0
2715,0.34907228,0.661115,0,1,0
2716,0.35603786,0.75282764,0,1,0
2717,0.33637893,0.61903,0,1,0
2718,0.3492922,0.7236374,0,1,0
2719,0.38881537,0.8408323,0,1,0
2720,0.37220094,0.6535342,0,1,0
2721,0.37397307,0.7406408,0,1,0
2722,0.36246356,0.79925436,0,1,0
2723,0.35896346,0.8750108,0,1,0
2724,0.35709167,0.9079456,0,1,0
2725,0.28319296,0.629965,0,1,0
2726,0.4098341,0.8771031,0,0,1
2727,0.35320327,0.96952015,0,1,0
2728,0.3807595,1.3040026,0,1,0
2729,0.31112006,0.8619638,0,1,0
2730,0.29938057,0.88615996,0,1,0
2731,0.2891139,0.74068296,0,1,0
2732,0.307578,1.0486454,0,1,0
2733,0.31624052,0.981209,0,1,0
2734,0.27225158,0.7626694,0,1,0
2735,0.28146094,0.7677988,0,1,0
2736,0.2693036,0.8358229,0,1,0
2737,0.2983294,0.94195366,0,1,0
2738,0.2618115,0.71611613,0,1,0
2739,0.25639015,0.63797504,0,1,0
2740,0.22800507,0.54206884,0,1,0
2741,0.21827687,0.6793401,1,0,0
2742,0.17953926,0.31151378,1,0,0
2743,0.19249947,0.31974956,1,0,0
2744,0.19391808,0.30650246,1,0,0
2745,0.16201836,0.1846528,1,0,0
2746,0.15122451,0.16631117,1,0,0
2747,0.10523327,0.052777085,1,0,0
2748,0.12139487,0.053279147,1,0,0
2749,0.12006723,0.04544497,1,0,0
2750,0.110633746,0.046633318,1,0,0
2751,0.11297118,0.040021624,1,0,0
2752,0.10240619,0.038904674,1,0,0
2753,0.11036635,0.033830613,1,0,0
2754,0.1138999,0.033760786,1,0,0
2755,0.06822861,0.02359359,1,0,0
2756,0.07122409,0.021628862,1,0,0
2757,0.06907686,0.022548974,1,0,0
2758,0.08313658,0.033735804,1,0,0
2759,0.06612669,0.025050411,1,0,0
2760,0.077689566,0.019866066,1,0,0
2761,0.08851818,0.02695304,1,0,0
2762,0.08838809,0.035741404,1,0,0
2763,0.082425006,0.026087023,1,0,0
2764,0.090991326,0.018666187,1,0,0
2765,0.07027348,0.024345087,1,0,0
2766,0.075680375,0.027445428,1,0,0
2767,0.068574674,0.023530686,1,0,0
2768,0.05852862,0.021088846,1,0,0
2769,0.077595584,0.019980304,1,0,0
2770,0.050136533,0.012345725,1,0,0
2771,0.086003646,0.0307983,1,0,0
2772,0.06830064,0.02763759,1,0,0
2773,0.064561345,0.027233286,1,0,0
2774,0.068743564,0.023821434,1,0,0
2775,0.07403517,0.023574628,1,0,0
2776,0.08411839,0.023490546,1,0,0
2777,0.05508747,0.015244913,1,0,0
2778,0.06588934,0.014653051,1,0,0
2779,0.063962735,0.024273919,1,0,0
2780,0.05025129,0.014269815,1,0,0
2781,0.05158357,0.01479977,1,0,0
2782,0.055398498,0.016142514,1,0,0
2783,0.05887778,0.0201881,1,0,0
2784,0.05585288,0.009908195,1,0,0
2785,0.051797315,0.014611181,1,0,0
2786,0.057327792,0.016566012,1,0,0
2787,0.05626324,0.010317854,1,0,0
2788,0.053072143,0.016354788,1,0,0
2789,0.054861203,0.013579717,1,0,0
2790,0.0487709,0.012026206,1,0,0
2791,0.04215308,0.011367146,1,0,0
2792,0.06093778,0.020994363,1,0,0
2793,0.030855427,0.0058186403,1,0,0
2794,0.03411633,0.006381478,1,0,0
2795,0.038646437,0.009501576,1,0,0
2796,0.03739325,0.015359195,1,0,0
2797,8.120673,29.947247,0,0,1
2798,0.36286834,0.33620673,0,1,0
2799,0.37193707,0.34573066,0,1,0
2800,0.36569035,0.33783507,0,1,0
2801,0.37163427,0.37054855,0,1,0
2802,0.37137058,0.33674783,0,1,0
2803,0.33716834,0.3192465,0,1,0
2804,0.36145666,0.28172058,0,1,0
2805,0.3411524,0.28859466,0,1,0
2806,0.32850918,0.2730584,0,1,0
2807,0.34343523,0.27810675,0,1,0
2808,0.3541611,0.35648495,0,1,0
2809,0.3630502,0.34659898,0,1,0
2810,0.36238793,0.3532456,0,1,0
2811,0.3458345,0.3231767,0,1,0
2812,0.32135558,0.28694272,0,1,0
2813,0.30984005,0.25658718,0,1,0
2814,0.33661053,0.26893392,0,1,0
2815,0.30040985,0.25591877,0,1,0
2816,0.3056851,0.2565239,0,1,0
2817,0.3127208,0.27913523,0,1,0
2818,0.31724742,0.3097795,0,1,0
2819,0.33026904,0.32685697,0,1,0
2820,0.32797736,0.32624206,0,1,0
2821,0.30861804,0.3074604,0,1,0
2822,0.30880502,0.25754908,0,1,0
2823,0.2794115,0.23749352,0,1,0
2824,0.27120116,0.24637957,0,1,0
2825,0.29352656,0.23505974,0,1,0
2826,0.29061046,0.24812828,0,1,0
2827,0.28738698,0.2207095,0,1,0
2828,0.29376903,0.27154404,0,1,0
2829,0.29196966,0.25870433,0,1,0
2830,0.30344796,0.2391772,0,1,0
2831,0.29702422,0.2226253,0,1,0
2832,0.27861616,0.20438547,0,1,0
2833,0.28199324,0.19900806,0,1,0
2834,0.27965838,0.21601634,0,1,0
2835,0.28198302,0.2094583,0,1,0
2836,0.30634773,0.22637533,0,1,0
2837,0.32029983,0.24798788,0,1,0
2838,0.33377284,0.28897285,0,1,0
2839,0.34914666,0.34701338,0,1,0
2840,0.32059997,0.32430306,0,1,0
2841,0.30058098,0.23863868,0,1,0
2842,0.30281198,0.22315148,0,1,0
2843,0.28366825,0.19183767,0,1,0
2844,0.25913158,0.17954788,0,1,0
2845,0.25778723,0.18037592,0,1,0
2846,0.26281968,0.18405813,0,1,0
2847,0.2781359,0.21904089,0,1,0
2848,0.3066345,0.29206607,0,1,0
2849,0.3179099,0.31274214,0,1,0
2850,0.2917174,0.25309852,0,1,0
2851,0.26836103,0.19918706,0,1,0
2852,0.25745803,0.1848606,0,1,0
2853,0.25571296,0.17614782,0,1,0
2854,0.25329968,0.1859298,0,1,0
2855,0.26374397,0.19919428,0,1,0
2856,0.28458828,0.23936753,0,1,0
2857,0.29586864,0.23181328,0,1,0
2858,0.32455158,0.27923387,0,1,0
2859,0.33948785,0.32425654,0,1,0
2860,0.3088173,0.27042443,0,1,0
2861,0.30645508,0.25633964,0,1,0
2862,0.29614788,0.22758265,0,1,0
2863,0.29803994,0.23242144,0,1,0
2864,0.2735612,0.24231443,0,1,0
2865,0.28142792,0.28114298,0,1,0
2866,0.2602036,0.18768635,0,1,0
2867,0.25189787,0.17103757,0,1,0
2868,0.2711206,0.23502612,0,1,0
2869,0.2703376,0.23105027,0,1,0
2870,0.27790755,0.25485522,0,1,0
2871,0.25712907,0.2197878,0,1,0
2872,0.26303414,0.24265389,0,1,0
2873,0.27123225,0.26280805,0,1,0
2874,0.286363,0.24287473,0,1,0
2875,0.2679068,0.21539558,0,1,0
2876,0.27872735,0.22005361,0,1,0
2877,0.28740025,0.2344513,0,1,0
2878,0.29685965,0.2533642,0,1,0
2879,0.31621796,0.26854187,0,1,0
2880,0.31299824,0.31142017,0,1,0
2881,0.31348625,0.30283177,0,1,0
2882,0.30420405,0.2550141,0,1,0
2883,0.3117368,0.29139212,0,1,0
2884,0.3099659,0.27298728,0,1,0
2885,0.31250107,0.28073165,0,1,0
2886,0.33810943,0.340395,0,1,0
2887,0.35677877,0.36799842,0,1,0
2888,0.35543337,0.32918522,0,1,0
2889,0.3415146,0.34345666,0,1,0
2890,0.34980318,0.34854853,0,1,0
2891,0.3643932,0.35015705,0,1,0
2892,0.36613142,0.42283097,0,1,0
2893,0.36581838,0.46155253,0,1,0
2894,0.3560705,0.36817136,0,1,0
2895,0.35661322,0.36366335,0,1,0
2896,0.37042183,0.37702537,0,1,0
2897,0.36489892,0.35298762,0,1,0
2898,0.35522166,0.31862518,0,1,0
2899,0.36522913,0.3661115,0,1,0
2900,0.3737789,0.379789,0,1,0
2901,0.39249378,0.4465366,0,1,0
2902,0.3959565,0.5319974,0,1,0
2903,0.4020447,0.5709154,0,0,1
2904,0.36612344,0.38927346,0,1,0
2905,0.35686556,0.3499316,0,1,0
2906,0.37765193,0.433449,0,1,0
2907,0.36956188,0.37011948,0,1,0
2908,0.37945986,0.36472675,0,1,0
2909,0.3749774,0.38952672,0,1,0
2910,0.38606793,0.42165032,0,1,0
2911,0.4209285,0.5333647,0,0,1
2912,0.40988868,0.52207893,0,0,1
2913,0.40138215,0.45401707,0,0,1
2914,0.39359325,0.4022086,0,1,0
2915,0.39127052,0.46243694,0,1,0
2916,0.3659845,0.33728197,0,1,0
2917,0.377352,0.38841036,0,1,0
2918,0.3791274,0.40443066,0,1,0
2919,0.39685923,0.41850075,0,1,0
2920,0.37423202,0.45924377,0,1,0
2921,0.3813819,0.5327652,0,1,0
2922,0.41707113,0.4422469,0,0,1
2923,0.3432868,0.31082743,0,1,0
2924,0.34740075,0.31713527,0,1,0
2925,0.37129083,0.3517834,0,1,0
2926,0.38488016,0.37209815,0,1,0
2927,0.38010585,0.3776695,0,1,0
2928,0.3804247,0.39540908,0,1,0
2929,0.39132696,0.43323487,0,1,0
2930,0.3804401,0.42097187,0,1,0
2931,0.36325917,0.35301793,0,1,0
2932,0.3468895,0.32538065,0,1,0
2933,0.34727454,0.33378628,0,1,0
2934,0.33341613,0.3215412,0,1,0
2935,0.32893145,0.3306719,0,1,0
2936,0.34425396,0.37362972,0,1,0
2937,0.33695456,0.2770781,0,1,0
2938,0.3188058,0.28446376,0,1,0
2939,0.31599122,0.2868083,0,1,0
2940,0.32061222,0.293393,0,1,0
2941,0.30036622,0.26933706,0,1,0
2942,0.30882105,0.28393698,0,1,0
2943,0.3190095,0.33014765,0,1,0
2944,0.3269977,0.32741743,0,1,0
2945,0.31521663,0.30104154,0,1,0
2946,0.30973902,0.28040695,0,1,0
2947,0.40262067,0.27081656,0,0,1
2948,0.33654505,0.36514178,0,1,0
2949,0.32486317,0.29923627,0,1,0
2950,0.3358627,0.30927387,0,1,0
2951,0.35566697,0.35469046,0,1,0
2952,0.35218757,0.39087147,0,1,0
2953,0.33567303,0.3428334,0,1,0
2954,0.32620266,0.32708758,0,1,0
2955,0.30778116,0.2748837,0,1,0
2956,0.32313287,0.28919402,0,1,0
2957,0.30870306,0.2706383,0,1,0
2958,0.33850694,0.30399135,0,1,0
2959,0.31643873,0.30424154,0,1,0
2960,0.32023075,0.30213138,0,1,0
2961,0.3114233,0.28711635,0,1,0
2962,0.30979848,0.28160045,0,1,0
2963,0.3224346,0.2849822,0,1,0
2964,0.33240014,0.30160737,0,1,0
2965,0.3246615,0.28959855,0,1,0
2966,0.34158328,0.3224802,0,1,0
2967,0.3355728,0.34175277,0,1,0
2968,0.34531277,0.36930853,0,1,0
2969,0.3484765,0.38433382,0,1,0
2970,0.34839556,0.3985043,0,1,0
2971,0.37029463,0.3553779,0,1,0
2972,0.35750517,0.3445888,0,1,0
2973,0.37127608,0.32609826,0,1,0
2974,0.35162795,0.33882886,0,1,0
2975,0.37789255,0.3726381,0,1,0
2976,0.37493405,0.36575186,0,1,0
2977,0.3825836,0.35277617,0,1,0
2978,0.33423772,0.28513014,0,1,0
2979,0.3362196,0.2703362,0,1,0
2980,0.32728446,0.27232978,0,1,0
2981,0.34625068,0.28000855,0,1,0
2982,0.33902594,0.28194004,0,1,0
2983,0.33689618,0.28509903,0,1,0
2984,0.34329087,0.30106387,0,1,0
2985,0.36340025,0.32654646,0,1,0
2986,0.4006734,0.3531863,0,1,0
2987,0.39021483,0.36541983,0,1,0
2988,0.39780384,0.43197468,0,1,0
2989,0.4021135,0.4540458,0,0,1
2990,0.40903887,0.45672527,0,0,1
2991,0.37844267,0.36413306,0,1,0
2992,0.37434664,0.36997437,0,1,0
2993,0.3711019,0.39803252,0,1,0
2994,0.37272605,0.40134445,0,1,0
2995,0.37149456,0.40161416,0,1,0
2996,0.3848521,0.3420366,0,1,0
2997,0.39294744,0.3826919,0,1,0
2998,0.3810207,0.37802705,0,1,0
2999,0.37137023,0.40985486,0,1,0
3000,0.34574774,0.33797857,0,1,0
3001,0.33170834,0.31601116,0,1,0
3002,0.33521748,0.26774576,0,1,0
3003,0.2972788,0.22749448,0,1,0
3004,0.2988509,0.24337992,0,1,0
3005,0.32637602,0.2887248,0,1,0
3006,0.35156697,0.34651124,0,1,0
3007,0.36138892,0.34073603,0,1,0
3008,0.3500454,0.32331592,0,1,0
3009,0.3431354,0.33300355,0,1,0
3010,0.32095295,0.29718244,0,1,0
3011,0.32197246,0.2906372,0,1,0
3012,0.30015212,0.26166505,0,1,0
3013,0.30604345,0.28712797,0,1,0
3014,0.3216571,0.30688724,0,1,0
3015,0.3163733,0.26709732,0,1,0
3016,0.3370652,0.28686255,0,1,0
3017,0.3465097,0.31245938,0,1,0
3018,0.36692354,0.3337524,0,1,0
3019,0.35785168,0.34453005,0,1,0
3020,0.34504983,0.34382898,0,1,0
3021,0.3488095,0.34243506,0,1,0
3022,0.3328496,0.31228194,0,1,0
3023,0.33463037,0.3316666,0,1,0
3024,0.34277263,0.33004,0,1,0
3025,0.32758722,0.27374414,0,1,0
3026,0.3643993,0.3118965,0,1,0
3027,0.38198775,0.3669324,0,1,0
3028,0.40400496,0.41743132,0,0,1
3029,0.41631272,0.41628808,0,0,1
3030,0.41294366,0.43515706,0,0,1
3031,0.41321468,0.4632112,0,0,1
3032,0.3994381,0.46845993,0,1,0
3033,0.39764586,0.4245691,0,1,0
3034,0.3826803,0.37856844,0,1,0
3035,0.38332653,0.3781653,0,1,0
3036,0.36654422,0.3430111,0,1,0
3037,0.3769612,0.34332526,0,1,0
3038,0.38808155,0.389887,0,1,0
3039,0.4072088,0.4361974,0,0,1
3040,0.3920239,0.39776808,0,1,0
3041,0.39508897,0.41268784,0,1,0
3042,0.40872383,0.4294189,0,0,1
3043,0.39454526,0.41515687,0,1,0
3044,0.38851553,0.3777991,0,1,0
3045,0.39359316,0.39080614,0,1,0
3046,0.39294547,0.41336775,0,1,0
3047,0.4769706,0.45821214,0,0,1
3048,0.41732192,0.4492561,0,0,1
3049,0.44300136,0.45514566,0,0,1
3050,0.47753632,0.53207797,0,0,1
3051,0.48532996,0.58318377,0,0,1
3052,0.4917683,0.6163914,0,0,1
3053,0.48497325,0.5825281,0,0,1
3054,0.46919224,0.5009871,0,0,1
3055,0.4815198,0.5269788,0,0,1
3056,0.48756105,0.520941,0,0,1
3057,0.47843134,0.5358734,0,0,1
3058,0.49704462,0.5712812,0,0,1
3059,0.523545,0.620448,0,0,1
3060,0.51571196,0.6209246,0,0,1
3061,0.50499433,0.62057894,0,0,1
3062,0.497773,0.64569736,0,0,1
3063,0.51045525,0.6837902,0,0,1
3064,0.5295821,0.67244357,0,0,1
3065,0.521084,0.662608,0,0,1
3066,0.5392976,0.6687812,0,0,1
3067,0.56208163,0.81226695,0,0,1
3068,0.5524604,0.7994454,0,0,1
3069,0.5858349,0.90662384,0,0,1
3070,0.6217458,0.97395885,0,0,1
3071,0.647287,1.0749543,0,0,1
3072,0.7198141,1.3689693,0,0,1
3073,0.8175077,1.6205964,0,0,1
3074,0.92325854,2.0303853,0,0,1
3075,0.8968759,1.9200897,0,0,1
3076,1.010012,2.288443,0,0,1
3077,1.1926967,3.0723135,0,0,1
3078,1.3148553,3.6215065,0,0,1
3079,1.4107261,4.0602245,0,0,1
3080,1.5044847,4.2033873,0,0,1
3081,1.6517386,4.885802,0,0,1
3082,1.662883,5.00222,0,0,1
3083,1.6431657,5.285375,0,0,1
3084,1.6354145,5.4579434,0,0,1
3085,1.7300828,6.060477,0,0,1
3086,1.7982023,6.2517214,0,0,1
3087,1.7142322,5.898119,0,0,1
3088,1.7510498,6.189385,0,0,1
3089,1.8514016,6.5337195,0,0,1
3090,1.8685421,6.635763,0,0,1
3091,1.7978245,6.4362464,0,0,1
3092,1.8015175,6.9328465,0,0,1
3093,1.6486979,6.1731095,0,0,1
3094,1.7797955,7.0470314,0,0,1
3095,1.6482553,6.514812,0,0,1
3096,1.5110683,5.922241,0,0,1
3097,1.5900335,5.1266575,0,0,1
3098,1.3739979,5.6450152,0,0,1
3099,1.3603837,5.9342737,0,0,1
3100,1.4239466,7.2269473,0,0,1
3101,1.1699127,5.093987,0,0,1
3102,1.1475219,5.4100857,0,0,1
3103,1.0562234,4.620117,0,0,1
3104,1.0745454,5.390615,0,0,1
3105,0.9948307,4.7373395,0,0,1
3106,0.9046868,4.00743,0,0,1
3107,0.7803842,3.0762603,0,0,1
3108,0.6806852,3.1573498,0,0,1
3109,0.55778855,2.5080142,0,0,1
3110,0.45836344,1.7270012,0,0,1
3111,0.47491843,2.0699964,0,0,1
3112,0.3671784,1.505626,0,1,0
3113,0.28335276,0.9232653,0,1,0
3114,0.27971575,1.0562255,0,1,0
3115,0.2389481,0.92358255,0,1,0
3116,0.19329447,0.3722308,1,0,0
3117,0.65413547,3.9856389,0,0,1
3118,0.1478142,0.20996673,1,0,0
3119,0.12544532,0.22514883,1,0,0
3120,0.095914125,0.16380312,1,0,0
3121,0.11457776,0.24974698,1,0,0
3122,0.124672204,0.13627325,1,0,0
3123,0.12410052,0.1276887,1,0,0
3124,0.10655587,0.12883937,1,0,0
3125,0.11305937,0.22009274,1,0,0
3126,1.1148057,3.7816622,0,0,1
3127,0.3698243,0.45094508,0,1,0
3128,0.38598475,0.46854797,0,1,0
3129,0.41480356,0.47806752,0,0,1
3130,0.40918097,0.3742682,0,0,1
3131,0.40548077,0.37315392,0,0,1
3132,0.38633257,0.38453823,0,1,0
3133,0.37361756,0.414196,0,1,0
3134,0.37652066,0.4006768,0,1,0
3135,0.3651787,0.3429478,0,1,0
3136,0.37679094,0.35731107,0,1,0
3137,0.3417272,0.33365762,0,1,0
3138,0.33906275,0.33725193,0,1,0
3139,0.39986897,0.30089793,0,1,0
3140,0.42948955,0.35816324,0,0,1
3141,0.4339129,0.3419692,0,0,1
3142,0.44971094,0.36730507,0,0,1
3143,0.4080953,0.36642238,0,0,1
3144,0.40512544,0.41955274,0,0,1
3145,0.40507585,0.43729818,0,0,1
3146,0.3889042,0.42409477,0,1,0
3147,0.3621253,0.3503517,0,1,0
3148,0.36968228,0.36920652,0,1,0
3149,0.38080215,0.37657973,0,1,0
3150,0.3969726,0.4175093,0,1,0
3151,0.38008213,0.38377807,0,1,0
3152,0.38249144,0.3696028,0,1,0
3153,0.3896289,0.49427995,0,1,0
3154,0.3579243,0.3426645,0,1,0
3155,0.38238198,0.36699045,0,1,0
3156,0.3507902,0.33331972,0,1,0
3157,0.3545722,0.3150107,0,1,0
3158,0.3481761,0.32811192,0,1,0
3159,0.3605492,0.35149357,0,1,0
3160,0.36643684,0.38536328,0,1,0
3161,0.385331,0.3752456,0,1,0
3162,0.40832102,0.36181596,0,0,1
3163,0.4085335,0.382091,0,0,1
3164,0.44856796,0.39094898,0,0,1
3165,0.44272298,0.38280216,0,0,1
3166,0.405831,0.440855,0,0,1
3167,0.39377594,0.3799561,0,1,0
3168,0.39290038,0.39890334,0,1,0
3169,0.38861752,0.36321673,0,1,0
3170,0.3766337,0.34865132,0,1,0
3171,0.39614546,0.3916198,0,1,0
3172,0.40563297,0.36994156,0,0,1
3173,0.3986874,0.36061558,0,1,0
3174,0.40583867,0.39344797,0,0,1
3175,0.4107672,0.42326644,0,0,1
3176,0.39376396,0.37179303,0,1,0
3177,0.37094852,0.35389012,0,1,0
3178,0.3651669,0.3263536,0,1,0
3179,0.36402428,0.35488248,0,1,0
3180,0.3744415,0.38855144,0,1,0
3181,0.39553165,0.45411006,0,1,0
3182,0.4027343,0.48943704,0,0,1
3183,0.40186885,0.43312526,0,0,1
3184,0.40079117,0.3924886,0,1,0
3185,0.40487513,0.35583255,0,0,1
3186,0.39239866,0.32817253,0,1,0
3187,0.3851223,0.34230396,0,1,0
3188,0.3801684,0.33767256,0,1,0
3189,0.3732487,0.32795358,0,1,0
3190,0.37123254,0.31677037,0,1,0
3191,0.38205191,0.2949355,0,1,0
3192,0.39772013,0.3051136,0,1,0
3193,0.41990626,0.34011623,0,0,1
3194,0.41774118,0.35137916,0,0,1
3195,0.42115057,0.3435886,0,0,1
3196,0.4328624,0.39230138,0,0,1
3197,0.45667568,0.4645868,0,0,1
3198,0.45144272,0.45820627,0,0,1
3199,0.42507637,0.4138287,0,0,1
3200,0.39539766,0.3149453,0,1,0
3201,0.3972309,0.33354053,0,1,0
3202,0.4025041,0.3216142,0,0,1
3203,0.4146105,0.3575284,0,0,1
3204,0.4029658,0.37736034,0,0,1
3205,0.40810463,0.38293022,0,0,1
3206,0.39772174,0.37577483,0,1,0
3207,0.40063262,0.35180637,0,1,0
3208,0.4002709,0.36110017,0,1,0
3209,0.38864368,0.34210178,0,1,0
3210,0.38546997,0.34688652,0,1,0
3211,0.4067771,0.36547062,0,0,1
3212,0.40979937,0.38121805,0,0,1
3213,0.39067313,0.3316004,0,1,0
3214,0.382506,0.3239149,0,1,0
3215,0.37401745,0.32551116,0,1,0
3216,0.35592175,0.2896363,0,1,0
3217,0.34647453,0.27817696,0,1,0
3218,0.3625061,0.29186934,0,1,0
3219,0.36619753,0.3265146,0,1,0
3220,0.37306693,0.35001868,0,1,0
3221,0.40124738,0.39929014,0,1,0
3222,0.3915467,0.40749142,0,1,0
3223,0.37400618,0.3521062,0,1,0
3224,0.38406032,0.35016897,0,1,0
3225,0.3784257,0.3410543,0,1,0
3226,0.35246074,0.30110893,0,1,0
3227,0.3545889,0.3154016,0,1,0
3228,0.37754536,0.35531002,0,1,0
3229,0.40323216,0.43134877,0,0,1
3230,0.3906973,0.3667972,0,1,0
3231,0.37841502,0.3200943,0,1,0
3232,0.3586273,0.34591874,0,1,0
3233,0.38381103,0.41370773,0,1,0
3234,0.39189175,0.43519887,0,1,0
3235,0.36775437,0.36542267,0,1,0
3236,0.36652574,0.35490844,0,1,0
3237,0.36823228,0.3045964,0,1,0
3238,0.37986487,0.29287884,0,1,0
3239,0.3431678,0.28506494,0,1,0
3240,0.3344328,0.26240537,0,1,0
3241,0.32542217,0.27129418,0,1,0
3242,0.3345409,0.2816262,0,1,0
3243,0.33480638,0.26760885,0,1,0
3244,0.35548416,0.29625416,0,1,0
3245,0.34817117,0.3557436,0,1,0
3246,0.32917592,0.2668588,0,1,0
3247,0.34436607,0.23847756,0,1,0
3248,0.3294233,0.26241386,0,1,0
3249,0.34600386,0.29598162,0,1,0
3250,0.35623586,0.28229913,0,1,0
3251,0.3955078,0.28605875,0,1,0
3252,0.36913395,0.28904065,0,1,0
3253,0.3523916,0.30360377,0,1,0
3254,0.36417553,0.3036309,0,1,0
3255,0.3972523,0.3612398,0,1,0
3256,0.4312645,0.40552568,0,0,1
3257,0.44014713,0.41387913,0,0,1
3258,0.43720454,0.44397658,0,0,1
3259,0.41540968,0.3828384,0,0,1
3260,0.42451832,0.4221076,0,0,1
3261,0.41678366,0.38743877,0,0,1
3262,0.4018523,0.35755426,0,0,1
3263,0.42211118,0.35546213,0,0,1
3264,0.3806656,0.3375531,0,1,0
3265,0.39159128,0.3353024,0,1,0
3266,0.40135583,0.3685568,0,0,1
3267,0.39727533,0.35501936,0,1,0
3268,0.40755224,0.3595775,0,0,1
3269,0.4380802,0.40897325,0,0,1
3270,0.4614504,0.4693474,0,0,1
3271,0.45351192,0.52687085,0,0,1
3272,0.4352237,0.4626913,0,0,1
3273,0.4137065,0.33618087,0,0,1
3274,0.40670326,0.35563216,0,0,1
3275,0.4167527,0.36163893,0,0,1
3276,0.46624863,0.35457325,0,0,1
3277,0.39254496,0.3676202,0,1,0
3278,0.42069444,0.35438833,0,0,1
3279,0.41955578,0.36409643,0,0,1
3280,0.40993726,0.35493192,0,0,1
3281,0.40795395,0.38456717,0,0,1
3282,0.4213641,0.3795397,0,0,1
3283,0.4190463,0.37841436,0,0,1
3284,0.4322285,0.43480396,0,0,1
3285,0.42248997,0.3620611,0,0,1
3286,0.42203358,0.38272333,0,0,1
3287,0.41190743,0.37598118,0,0,1
3288,0.43290597,0.32774806,0,0,1
3289,0.44064102,0.37532118,0,0,1
3290,0.47315124,0.42298862,0,0,1
3291,0.4641452,0.43651393,0,0,1
3292,0.44984573,0.41938454,0,0,1
3293,0.44194075,0.3809432,0,0,1
3294,0.4497261,0.38786462,0,0,1
3295,0.4753295,0.44544938,0,0,1
3296,0.4578155,0.42640328,0,0,1
3297,0.51543367,0.37387913,0,0,1
3298,0.46846694,0.4038502,0,0,1
3299,0.49944365,0.43922865,0,0,1
3300,0.4742569,0.4525294,0,0,1
3301,0.5153767,0.48555368,0,0,1
3302,0.50139207,0.5046913,0,0,1
3303,0.49281615,0.52975947,0,0,1
3304,0.47465393,0.47771326,0,0,1
3305,0.45524618,0.42165193,0,0,1
3306,0.44781703,0.39504787,0,0,1
3307,0.44530508,0.3836695,0,0,1
3308,0.4826396,0.45411798,0,0,1
3309,0.47485122,0.46171665,0,0,1
3310,0.5024556,0.53190666,0,0,1
3311,0.5091287,0.5314096,0,0,1
3312,0.52378035,0.519638,0,0,1
3313,0.47507843,0.41207692,0,0,1
3314,0.46805704,0.3528084,0,0,1
3315,0.47667623,0.385316,0,0,1
3316,0.46855366,0.3902105,0,0,1
3317,0.46707225,0.436006,0,0,1
3318,0.51475185,0.5166327,0,0,1
3319,0.50670993,0.48092732,0,0,1
3320,0.47097498,0.42885733,0,0,1
3321,0.48760656,0.41687003,0,0,1
3322,0.4704273,0.37186322,0,0,1
3323,0.4737765,0.3958155,0,0,1
3324,0.44431204,0.42910832,0,0,1
3325,0.44435215,0.41195807,0,0,1
3326,0.45257005,0.38128975,0,0,1
3327,0.44712088,0.41386977,0,0,1
3328,0.4427655,0.40574473,0,0,1
3329,0.43544987,0.37711436,0,0,1
3330,0.46901846,0.45127776,0,0,1
3331,0.43840328,0.38012043,0,0,1
3332,0.44675136,0.34032282,0,0,1
3333,0.4207431,0.33244932,0,0,1
3334,0.40491423,0.34282067,0,0,1
3335,0.39832047,0.36360762,0,1,0
3336,0.39621142,0.34956697,0,1,0
3337,0.38484475,0.33318353,0,1,0
3338,0.37859318,0.33680746,0,1,0
3339,0.4020097,0.35044792,0,0,1
3340,0.42727274,0.39497435,0,0,1
3341,0.4365618,0.39804375,0,0,1
3342,0.42267045,0.40314373,0,0,1
3343,0.41512388,0.36280364,0,0,1
3344,0.39445436,0.31160668,0,1,0
3345,0.39586088,0.3159628,0,1,0
3346,0.41375038,0.30860075,0,0,1
3347,0.41089115,0.3296252,0,0,1
3348,0.42532837,0.33259344,0,0,1
3349,0.42801026,0.317441,0,0,1
3350,0.45466614,0.36726186,0,0,1
3351,0.45370728,0.4137384,0,0,1
3352,0.43464905,0.37383598,0,0,1
3353,0.41100824,0.31635565,0,0,1
3354,0.40980473,0.33165634,0,0,1
3355,0.43763703,0.35886708,0,0,1
3356,0.4299263,0.39804262,0,0,1
3357,0.45129496,0.43790883,0,0,1
3358,0.4543928,0.44041142,0,0,1
3359,0.48803502,0.48643076,0,0,1
3360,0.48330313,0.5588613,0,0,1
3361,0.47282848,0.466371,0,0,1
3362,0.4397223,0.44526297,0,0,1
3363,0.44591168,0.43503404,0,0,1
3364,0.4290894,0.37816906,0,0,1
3365,0.43862188,0.46377555,0,0,1
3366,0.45900336,0.47093165,0,0,1
3367,0.46321896,0.50618845,0,0,1
3368,0.4796792,0.5066404,0,0,1
3369,0.43364766,0.44971532,0,0,1
3370,0.4455246,0.4125672,0,0,1
3371,0.43533197,0.4390714,0,0,1
3372,0.44715837,0.405041,0,0,1
3373,0.42440596,0.40662596,0,0,1
3374,0.43244934,0.39755946,0,0,1
3375,0.44288412,0.45015624,0,0,1
3376,0.4724474,0.44967163,0,0,1
3377,0.45736715,0.4717254,0,0,1
3378,0.42204353,0.38819164,0,0,1
3379,0.45526347,0.48519868,0,0,1
3380,0.45906824,0.4319339,0,0,1
3381,0.4611306,0.4373908,0,0,1
3382,0.44123164,0.40527803,0,0,1
3383,0.5059926,0.44907638,0,0,1
3384,0.45517817,0.4609728,0,0,1
3385,0.49435857,0.4767705,0,0,1
3386,0.43116587,0.36396143,0,0,1
3387,0.40139464,0.31928387,0,0,1
3388,0.40623552,0.3387618,0,0,1
3389,0.42113882,0.36029133,0,0,1
3390,0.45522872,0.41743082,0,0,1
3391,0.45672593,0.45192143,0,0,1
3392,0.472333,0.49052566,0,0,1
3393,0.474156,0.5263332,0,0,1
3394,0.45092556,0.4847491,0,0,1
3395,0.41298673,0.3800874,0,0,1
3396,0.41987476,0.34143505,0,0,1
3397,0.4415566,0.41480622,0,0,1
3398,0.43451995,0.42636827,0,0,1
3399,0.4159586,0.39252675,0,0,1
3400,0.44392273,0.39971262,0,0,1
3401,0.48419112,0.4917486,0,0,1
3402,0.45201638,0.46373338,0,0,1
3403,0.43082052,0.425023,0,0,1
3404,0.4179716,0.40611067,0,0,1
3405,0.40920988,0.42046657,0,0,1
3406,0.39617905,0.37736052,0,1,0
3407,0.39900017,0.3918307,0,1,0
3408,0.40717307,0.38604614,0,0,1
3409,0.42527482,0.44757813,0,0,1
3410,0.4546485,0.48199224,0,0,1
3411,0.49872547,0.6292479,0,0,1
3412,0.56811017,0.7956801,0,0,1
3413,0.6646108,1.1839914,0,0,1
3414,0.7149306,1.2828871,0,0,1
3415,0.8047353,1.6575708,0,0,1
3416,0.9785467,2.4488945,0,0,1
3417,1.1072927,2.9335332,0,0,1
3418,1.3022506,3.7792435,0,0,1
3419,1.4601823,4.639319,0,0,1
3420,1.5203695,5.0446453,0,0,1
3421,1.6297971,5.510155,0,0,1
3422,1.7936401,6.1647425,0,0,1
3423,2.009921,7.200397,0,0,1
3424,2.1714542,7.7016625,0,0,1
3425,2.2822561,8.859597,0,0,1
3426,2.199147,8.8746805,0,0,1
3427,2.233639,9.49243,0,0,1
3428,1.9679163,8.496431,0,0,1
3429,2.1993613,10.425168,0,0,1
3430,2.0835357,9.146116,0,0,1
3431,2.1978545,10.25993,0,0,1
3432,1.7466189,7.884617,0,0,1
3433,1.9847243,9.907255,0,0,1
3434,1.8571061,9.37053,0,0,1
3435,1.6876719,7.8040104,0,0,1
3436,1.5629158,8.254231,0,0,1
3437,1.6051066,8.576491,0,0,1
3438,1.4684105,7.569593,0,0,1
3439,1.3706264,7.4138703,0,0,1
3440,1.288293,7.1579533,0,0,1
3441,1.8850232,13.384455,0,0,1
3442,1.0935758,6.257814,0,0,1
3443,0.99635994,5.547489,0,0,1
3444,0.9470903,5.1307106,0,0,1
3445,0.7943468,3.9572039,0,0,1
3446,0.79845446,3.7321904,0,0,1
3447,0.54946065,2.4025788,0,0,1
3448,0.56397283,2.500558,0,0,1
3449,0.5622825,2.745575,0,0,1
3450,0.5961922,3.3085349,0,0,1
3451,0.47380117,1.9599333,0,0,1
3452,0.3708691,1.1247159,0,1,0
3453,0.4046836,1.2336406,0,0,1
3454,0.3272421,1.1034988,0,1,0
3455,0.3253641,0.8401454,0,1,0
3456,1.0528024,7.9990625,0,0,1
3457,0.28322163,0.7414345,0,1,0
3458,0.31043738,0.67925704,0,1,0
3459,0.28486246,0.5830127,0,1,0
3460,0.28696942,0.5733343,0,1,0
3461,0.32407382,0.72814506,0,1,0
3462,0.29256165,0.62742615,0,1,0
3463,0.26456925,0.49453297,0,1,0
3464,0.25506678,0.5545405,0,1,0
3465,1.2005827,3.070563,0,0,1
3466,0.27623165,0.24168015,0,1,0
3467,0.28424287,0.2562035,0,1,0
3468,0.28383818,0.2100135,0,1,0
3469,0.3150553,0.22306705,0,1,0
3470,0.3196531,0.25087222,0,1,0
3471,0.32117945,0.3475087,0,1,0
3472,0.31418857,0.28641614,0,1,0
3473,0.3015162,0.2517455,0,1,0
3474,0.29234785,0.2749672,0,1,0
3475,0.32990605,0.31440243,0,1,0
3476,0.32624054,0.31342533,0,1,0
3477,0.3122854,0.24131846,0,1,0
3478,0.32535103,0.23969723,0,1,0
3479,0.3329993,0.30167553,0,1,0
3480,0.3111914,0.28819224,0,1,0
3481,0.31022567,0.25421405,0,1,0
3482,0.3340852,0.26707637,0,1,0
3483,0.3255629,0.2723302,0,1,0
3484,0.3225995,0.30872038,0,1,0
3485,0.33296937,0.25996256,0,1,0
3486,0.33841676,0.30868185,0,1,0
3487,0.32440978,0.2750976,0,1,0
3488,0.34745345,0.29195118,0,1,0
3489,0.33859038,0.28316066,0,1,0
3490,0.36369288,0.3351062,0,1,0
3491,0.37293676,0.38609362,0,1,0
3492,0.38048318,0.40498164,0,1,0
3493,0.37844422,0.39588615,0,1,0
3494,0.36813155,0.37713805,0,1,0
3495,0.3748392,0.34598932,0,1,0
3496,0.36316022,0.37693274,0,1,0
3497,0.353819,0.32209823,0,1,0
3498,0.37766233,0.4023499,0,1,0
3499,0.37054047,0.3471124,0,1,0
3500,0.38547528,0.34998903,0,1,0
3501,0.39116418,0.4453354,0,1,0
3502,0.3750287,0.3432428,0,1,0
3503,0.39768606,0.4101968,0,1,0
3504,0.4049204,0.4669484,0,0,1
3505,0.39790335,0.43018204,0,1,0
3506,0.38224766,0.36351785,0,1,0
3507,0.39097694,0.4143834,0,1,0
3508,0.37565804,0.33479476,0,1,0
3509,0.37676987,0.4027558,0,1,0
3510,0.36224577,0.32776728,0,1,0
3511,0.38211125,0.38628823,0,1,0
3512,0.39135754,0.44043615,0,1,0
3513,0.38962778,0.38249674,0,1,0
3514,0.36464766,0.36802968,0,1,0
3515,0.39262465,0.38710043,0,1,0
3516,0.4108446,0.4070666,0,0,1
3517,0.3984001,0.47856304,0,1,0
3518,0.39030835,0.46919328,0,1,0
3519,0.4131771,0.48810843,0,0,1
3520,0.3844867,0.39149553,0,1,0
3521,0.36748597,0.3419263,0,1,0
3522,0.38807252,0.428806,0,1,0
3523,0.3762889,0.4021488,0,1,0
3524,0.40033773,0.40645614,0,1,0
3525,0.39725757,0.4606015,0,1,0
3526,0.40914536,0.5329412,0,0,1
3527,0.39082003,0.47512883,0,1,0
3528,0.39293775,0.4254613,0,1,0
3529,0.39356282,0.46866894,0,1,0
3530,0.37732333,0.45234033,0,1,0
3531,0.38415116,0.51017636,0,1,0
3532,0.40645328,0.57256263,0,0,1
3533,0.38976166,0.4237703,0,1,0
3534,0.37613943,0.42302424,0,1,0
3535,0.39893922,0.44887182,0,1,0
3536,0.39985907,0.4267139,0,1,0
3537,0.41398588,0.52313733,0,0,1
3538,0.41116402,0.44506735,0,0,1
3539,0.41790104,0.5764078,0,0,1
3540,0.3732676,0.42903936,0,1,0
3541,0.388315,0.5035253,0,1,0
3542,0.37848735,0.4591974,0,1,0
3543,0.391679,0.6232928,0,1,0
3544,0.35873565,0.42724046,0,1,0
3545,0.35908842,0.53241885,0,1,0
3546,0.379974,0.60613525,0,1,0
3547,0.39046305,0.6430097,0,1,0
3548,0.435949,0.85974455,0,0,1
3549,0.4104245,0.62504154,0,0,1
3550,0.42149588,0.7942272,0,0,1
3551,0.4244579,0.75673246,0,0,1
3552,0.44605923,0.62065655,0,0,1
3553,0.41535962,0.60886323,0,0,1
3554,0.42692342,0.6297436,0,0,1
3555,0.43945867,0.782883,0,0,1
3556,0.39116555,0.47719416,0,1,0
3557,0.3652648,0.4280078,0,1,0
3558,0.3906634,0.6542207,0,1,0
3559,0.3657134,0.52070284,0,1,0
3560,0.41564256,0.59765214,0,0,1
3561,0.4155993,0.6749039,0,0,1
3562,0.43955165,0.7806161,0,0,1
3563,0.41860986,0.7415699,0,0,1
3564,0.43522096,0.5889449,0,0,1
3565,0.4370342,0.5822634,0,0,1
3566,0.4668184,0.7281556,0,0,1
3567,0.4650887,0.6920997,0,0,1
3568,0.45036006,0.7506753,0,0,1
3569,0.44089574,0.77703816,0,0,1
3570,0.4311879,0.7751202,0,0,1
3571,0.40600273,0.47955546,0,0,1
3572,0.4828152,0.67019343,0,0,1
3573,0.4318415,0.5633353,0,0,1
3574,0.48443303,0.7119028,0,0,1
3575,0.48104176,0.68184245,0,0,1
3576,0.48081633,0.8038422,0,0,1
3577,0.47988683,0.90132815,0,0,1
3578,0.4710872,0.87446576,0,0,1
3579,0.4351887,0.59762317,0,0,1
3580,0.4326572,0.68534696,0,0,1
3581,0.44095,0.7476051,0,0,1
3582,0.446204,0.66339314,0,0,1
3583,0.4505816,0.77351284,0,0,1
3584,0.44868612,0.8187045,0,0,1
3585,0.46029204,0.806935,0,0,1
3586,0.40468612,0.5460231,0,0,1
3587,0.404528,0.4708585,0,0,1
3588,0.40476406,0.5076444,0,0,1
3589,0.4162332,0.55355,0,0,1
3590,0.44803727,0.55206,0,0,1
3591,0.46341872,0.7767396,0,0,1
3592,0.48901844,0.9655252,0,0,1
3593,0.48356017,0.9688283,0,0,1
3594,0.48426583,0.9110724,0,0,1
3595,0.4010791,0.50444734,0,1,0
3596,0.4119461,0.44924587,0,0,1
3597,0.38950372,0.437085,0,1,0
3598,0.43739054,0.617037,0,0,1
3599,0.4189407,0.6359107,0,0,1
3600,0.42323208,0.6186356,0,0,1
3601,0.43765596,1.1153332,0,0,1
3602,0.34423512,0.331123,0,1,0
3603,0.33196035,0.30728418,0,1,0
3604,0.3521439,0.2687434,0,1,0
3605,0.32900447,0.26736403,0,1,0
3606,0.31117746,0.2588228,0,1,0
3607,0.31638995,0.2963195,0,1,0
3608,0.32994604,0.32753545,0,1,0
3609,0.33022326,0.30201894,0,1,0
3610,0.3035846,0.2766532,0,1,0
3611,0.32090685,0.34668306,0,1,0
3612,0.3146128,0.26806036,0,1,0
3613,0.31643978,0.30488956,0,1,0
3614,0.2817829,0.25943118,0,1,0
3615,0.35065493,0.20872349,0,1,0
3616,0.26625746,0.24991475,0,1,0
3617,0.26071674,0.23542704,0,1,0
3618,0.2867419,0.24662255,0,1,0
3619,0.3042567,0.3218425,0,1,0
3620,0.30275753,0.29738653,0,1,0
3621,0.30216208,0.32044896,0,1,0
3622,0.2910081,0.27661246,0,1,0
3623,0.27997425,0.23343244,0,1,0
3624,0.29640636,0.3012897,0,1,0
3625,0.2947736,0.33079445,0,1,0
3626,0.29081962,0.2773038,0,1,0
3627,0.2770441,0.19228688,0,1,0
3628,0.27448508,0.20135438,0,1,0
3629,0.300372,0.23782371,0,1,0
3630,0.3041479,0.26147783,0,1,0
3631,0.3153242,0.31764746,0,1,0
3632,0.30817416,0.30877474,0,1,0
3633,0.29106814,0.22982705,0,1,0
3634,0.30221376,0.2443767,0,1,0
3635,0.26578298,0.21029283,0,1,0
3636,0.24515264,0.15853764,0,1,0
3637,0.22332487,0.16523933,0,1,0
3638,0.23906834,0.16124374,0,1,0
3639,0.25547332,0.16789317,0,1,0
3640,0.28085598,0.21182619,0,1,0
3641,0.28508767,0.21475624,0,1,0
3642,0.29543144,0.20739292,0,1,0
3643,0.29847327,0.22131775,0,1,0
3644,0.30395103,0.25494564,0,1,0
3645,0.3140579,0.2654125,0,1,0
3646,0.29058006,0.23602705,0,1,0
3647,0.28078,0.21952575,0,1,0
3648,0.28772402,0.2142778,0,1,0
3649,0.26203156,0.16374701,0,1,0
3650,0.26112688,0.16370483,0,1,0
3651,0.2595995,0.16983037,0,1,0
3652,0.2654607,0.16406597,0,1,0
3653,0.27008244,0.17986773,0,1,0
3654,0.2852519,0.18965496,0,1,0
3655,0.31270844,0.22458461,0,1,0
3656,0.2900996,0.2091567,0,1,0
3657,0.3290015,0.26714948,0,1,0
3658,0.304916,0.2470485,0,1,0
3659,0.30491063,0.23052152,0,1,0
3660,0.30583054,0.21445595,0,1,0
3661,0.28728995,0.19726257,0,1,0
3662,0.28397876,0.20452784,0,1,0
3663,0.28169987,0.24365588,0,1,0
3664,0.28235024,0.23223938,0,1,0
3665,0.2756865,0.21040449,0,1,0
3666,0.27250475,0.1996115,0,1,0
3667,0.28616244,0.22323796,0,1,0
3668,0.2732127,0.2019165,0,1,0
3669,0.27540037,0.21044101,0,1,0
3670,0.26621825,0.19437128,0,1,0
3671,0.2616941,0.17668156,0,1,0
3672,0.27984264,0.19076581,0,1,0
3673,0.25230324,0.17147987,0,1,0
3674,0.23718683,0.14431651,0,1,0
3675,0.26928923,0.16650291,0,1,0
3676,0.26012364,0.15709373,0,1,0
3677,0.2394266,0.13941789,0,1,0
3678,0.2626194,0.15539287,0,1,0
3679,0.28102055,0.18657143,0,1,0
3680,0.2779076,0.20755911,0,1,0
3681,0.27998012,0.22276145,0,1,0
3682,0.2979307,0.26461172,0,1,0
3683,0.2943157,0.22367027,0,1,0
3684,0.2754965,0.21166116,0,1,0
3685,0.28029782,0.24994314,0,1,0
3686,0.28066614,0.249901,0,1,0
3687,0.26922262,0.20430918,0,1,0
3688,0.2622966,0.2086684,0,1,0
3689,0.27254266,0.22925135,0,1,0
3690,0.27226081,0.22552937,0,1,0
3691,0.28474662,0.22485942,0,1,0
3692,0.2861924,0.24952288,0,1,0
3693,0.252798,0.19452353,0,1,0
3694,0.26583812,0.24907699,0,1,0
3695,0.29023844,0.31103614,0,1,0
3696,0.2757043,0.21551283,0,1,0
3697,0.26113594,0.20391186,0,1,0
3698,0.2822875,0.23190048,0,1,0
3699,0.27658397,0.2000236,0,1,0
3700,0.25527304,0.19562873,0,1,0
3701,0.27742746,0.23186623,0,1,0
3702,0.28144538,0.29622382,0,1,0
3703,0.310498,0.27468926,0,1,0
3704,0.31802514,0.32684687,0,1,0
3705,0.30200925,0.32372466,0,1,0
3706,0.3061491,0.26440948,0,1,0
3707,0.28644124,0.23904297,0,1,0
3708,0.28440988,0.21625757,0,1,0
3709,0.2698821,0.1998079,0,1,0
3710,0.26252812,0.22291733,0,1,0
3711,0.24966747,0.20067118,0,1,0
3712,0.26476794,0.22273193,0,1,0
3713,0.24471956,0.18453102,0,1,0
3714,0.29525724,0.2581946,0,1,0
3715,0.34893966,0.2184564,0,1,0
3716,0.28989753,0.2793887,0,1,0
3717,0.29795304,0.25074032,0,1,0
3718,0.2993129,0.2714434,0,1,0
3719,0.29972103,0.28737205,0,1,0
3720,0.30213577,0.2858264,0,1,0
3721,0.29859275,0.31548718,0,1,0
3722,0.2978496,0.2803275,0,1,0
3723,0.26517153,0.25846428,0,1,0
3724,0.2676541,0.24508595,0,1,0
3725,0.28294066,0.25370893,0,1,0
3726,0.3213195,0.24183685,0,1,0
3727,0.2997686,0.25745794,0,1,0
3728,0.30308658,0.23425055,0,1,0
3729,0.2997911,0.23144068,0,1,0
3730,0.32293245,0.27891496,0,1,0
3731,0.32613978,0.29850885,0,1,0
3732,0.31745464,0.29013452,0,1,0
3733,0.31646237,0.30047166,0,1,0
3734,0.32138267,0.31275454,0,1,0
3735,0.33158407,0.2953147,0,1,0
3736,0.3234434,0.2671638,0,1,0
3737,0.33980146,0.32622287,0,1,0
3738,0.33600274,0.28215423,0,1,0
3739,0.34461352,0.2893276,0,1,0
3740,0.33988303,0.29486716,0,1,0
3741,0.33903748,0.32937646,0,1,0
3742,0.3415292,0.32072335,0,1,0
3743,0.32342348,0.30275023,0,1,0
3744,0.32231253,0.31030187,0,1,0
3745,0.3255546,0.25896883,0,1,0
3746,0.31200093,0.22240382,0,1,0
3747,0.30678585,0.24412714,0,1,0
3748,0.31638885,0.23989882,0,1,0
3749,0.32184327,0.23134038,0,1,0
3750,0.3130813,0.25752705,0,1,0
3751,0.3117974,0.2509016,0,1,0
3752,0.333138,0.27652806,0,1,0
3753,0.2942273,0.25712243,0,1,0
3754,0.31060228,0.21149658,0,1,0
3755,0.29100603,0.2058137,0,1,0
3756,0.29317605,0.19740014,0,1,0
3757,0.31028795,0.21906371,0,1,0
3758,0.32380158,0.24652356,0,1,0
3759,0.33274883,0.215146,0,1,0
3760,0.33114925,0.2525714,0,1,0
3761,0.32153845,0.2339624,0,1,0
3762,0.29516685,0.2407354,0,1,0
3763,0.31679872,0.26018786,0,1,0
3764,0.3173295,0.26879874,0,1,0
3765,0.3788888,0.19610655,0,1,0
3766,0.29912332,0.2157547,0,1,0
3767,0.31807873,0.22522134,0,1,0
3768,0.30826345,0.21339154,0,1,0
3769,0.3190652,0.21185455,0,1,0
3770,0.31364527,0.228866,0,1,0
3771,0.33710963,0.25535935,0,1,0
3772,0.33662546,0.26988125,0,1,0
3773,0.32631034,0.2669416,0,1,0
3774,0.34344572,0.29224715,0,1,0
3775,0.3487695,0.32914805,0,1,0
3776,0.3743063,0.38183776,0,1,0
3777,0.33372015,0.32932848,0,1,0
3778,0.3450197,0.34429494,0,1,0
3779,0.33439854,0.3005713,0,1,0
3780,0.31769437,0.23718041,0,1,0
3781,0.34082714,0.2708234,0,1,0
3782,0.35576093,0.28562078,0,1,0
3783,0.34757945,0.28200978,0,1,0
3784,0.3579342,0.2777876,0,1,0
3785,0.36459917,0.2631544,0,1,0
3786,0.3265275,0.24596542,0,1,0
3787,0.32795364,0.2477271,0,1,0
3788,0.3165125,0.27687246,0,1,0
3789,0.31252077,0.25441366,0,1,0
3790,0.31868845,0.24178563,0,1,0
3791,0.33018562,0.28592736,0,1,0
3792,0.33081445,0.2528312,0,1,0
3793,0.31853026,0.22901262,0,1,0
3794,0.32501075,0.24337305,0,1,0
3795,0.32735494,0.23212084,0,1,0
3796,0.33928394,0.26072747,0,1,0
3797,0.33375874,0.27014992,0,1,0
3798,0.32998958,0.2532958,0,1,0
3799,0.3489192,0.28932637,0,1,0
3800,0.34184468,0.347638,0,1,0
3801,0.3316549,0.2793796,0,1,0
3802,0.3379074,0.26045576,0,1,0
3803,0.3312093,0.29612112,0,1,0
3804,0.32730812,0.27165437,0,1,0
3805,0.34526426,0.2775562,0,1,0
3806,0.31999677,0.2540109,0,1,0
3807,0.32038856,0.26575097,0,1,0
3808,0.32033408,0.27877164,0,1,0
3809,0.330023,0.31403804,0,1,0
3810,0.31602615,0.27741683,0,1,0
3811,0.33006242,0.29687452,0,1,0
3812,0.31052256,0.29020494,0,1,0
3813,0.31377387,0.2371001,0,1,0
3814,0.32247603,0.25313294,0,1,0
3815,0.31936452,0.29158965,0,1,0
3816,0.31565621,0.2645776,0,1,0
3817,0.29773954,0.23824167,0,1,0
3818,0.29823184,0.23518239,0,1,0
3819,0.31060916,0.25596032,0,1,0
3820,0.34354845,0.32159787,0,1,0
3821,0.37770435,0.39790815,0,1,0
3822,0.3750392,0.4126001,0,1,0
3823,0.39231873,0.4703539,0,1,0
3824,0.47401428,0.7369652,0,0,1
3825,0.5136252,0.92680573,0,0,1
3826,0.5210689,0.9635443,0,0,1
3827,0.59625643,1.2716123,0,0,1
3828,0.7116715,1.6463947,0,0,1
3829,0.8544559,2.3095176,0,0,1
3830,0.82895327,2.1276405,0,0,1
3831,0.8388323,2.243935,0,0,1
3832,0.98370606,3.087914,0,0,1
3833,1.0399759,3.300507,0,0,1
3834,0.9920173,2.8414712,0,0,1
3835,1.0459726,3.2495024,0,0,1
3836,1.1862556,4.2082033,0,0,1
3837,1.2662675,4.672603,0,0,1
3838,1.1908867,4.284852,0,0,1
3839,1.2034215,4.1340103,0,0,1
3840,1.244569,4.142958,0,0,1
3841,1.2572294,4.9452524,0,0,1
3842,1.2531446,4.7822857,0,0,1
3843,1.2012798,4.498429,0,0,1
3844,1.0179949,3.5438359,0,0,1
3845,0.9273515,3.4243906,0,0,1
3846,0.92116284,3.7723205,0,0,1
3847,0.7877415,2.7556698,0,0,1
3848,0.69231164,2.4097915,0,0,1
3849,0.87320036,3.1068435,0,0,1
3850,0.493945,1.6039981,0,0,1
3851,0.45612136,1.5514224,0,0,1
3852,0.43696725,1.4716048,0,0,1
3853,0.46022436,2.0453882,0,0,1
3854,0.4170684,1.8980736,0,0,1
3855,0.36693734,1.662277,0,1,0
3856,0.28572512,1.1356364,0,1,0
3857,0.17461477,0.2842426,1,0,0
3858,0.12675703,0.122151844,1,0,0
3859,0.39440343,1.0533313,0,1,0
3860,0.13934045,0.16231735,1,0,0
3861,0.1707684,0.2233176,1,0,0
3862,0.14622307,0.19937883,1,0,0
3863,0.13117407,0.13168523,1,0,0
3864,0.15126121,0.18283767,1,0,0
3865,0.12561834,0.20643574,1,0,0
3866,0.11022849,0.077441454,1,0,0
3867,0.09297773,0.08479159,1,0,0
3868,0.105695054,0.12708189,1,0,0
